"user_id","rank","artist","genres","artist_url","timeframe"
"12120382831",1,Jay Chou,c-pop; mandopop; taiwan pop; zhongguo feng,https://open.spotify.com/artist/2elBjNSdBE2Y3f0j1mjrql,Short
"12120382831",2,Kid Cudi,ohio hip hop; pop rap; rap,https://open.spotify.com/artist/0fA0VVWsXO9YnASrzqfmYu,Short
"12120382831",3,Joji,alternative r&b; viral pop,https://open.spotify.com/artist/3MZsBdqDrRTJihTHQrO6Dq,Short
"12120382831",4,Calvin Harris,dance pop; edm; electro house; house; pop; pop dance; progressive house; uk dance,https://open.spotify.com/artist/7CajNmpbOovFoOoasH2HaY,Short
"12120382831",5,Frank Ocean,alternative r&b; hip hop; lgbtq+ hip hop; neo soul; pop,https://open.spotify.com/artist/2h93pZq0e7k5yf4dywlkpM,Short
"12120382831",6,Kanye West,chicago rap; rap,https://open.spotify.com/artist/5K4W6rqBFWDnAN6FQUkS6x,Short
"12120382831",7,"Tyler, The Creator",hip hop; rap,https://open.spotify.com/artist/4V8LLVI7PbaPR0K2TGSxFF,Short
"12120382831",8,The Chainsmokers,dance pop; edm; electropop; pop; pop dance; tropical house,https://open.spotify.com/artist/69GGBxA162lTqCwzJG5jLp,Short
"12120382831",9,blink-182,pop punk; punk; socal pop punk,https://open.spotify.com/artist/6FBDaR13swtiWwGhX1WQsP,Short
"12120382831",10,The Weeknd,canadian contemporary r&b; canadian pop; pop,https://open.spotify.com/artist/1Xyo4u8uXC1ZmMpatF05PJ,Short
"12120382831",11,Chance the Rapper,chicago rap; conscious hip hop; hip hop; pop rap; rap,https://open.spotify.com/artist/1anyVhU62p31KFi8MEzkbf,Short
"12120382831",12,Coldplay,permanent wave; pop,https://open.spotify.com/artist/4gzpq5DPGxSnKTe4SA8HAU,Short
"12120382831",13,Kaskade,big room; chicago house; edm; electro house; house; pop; pop dance; progressive house; tropical house; vocal house,https://open.spotify.com/artist/6TQj5BFPooTa08A7pk8AQ1,Short
"12120382831",14,My Chemical Romance,emo; pop punk,https://open.spotify.com/artist/7FBcuc1gsnv6Y1nwFtNRCb,Short
"12120382831",15,A$AP Rocky,east coast hip hop; hip hop; rap; southern hip hop; trap; underground hip hop,https://open.spotify.com/artist/13ubrt8QOOCPljQ2FL1Kca,Short
"12120382831",16,ILLENIUM,edm; electropop; melodic dubstep; pop; pop dance; tropical house,https://open.spotify.com/artist/45eNHdiiabvmbp4erw26rg,Short
"12120382831",17,Sum 41,alternative metal; canadian pop punk; canadian punk; nu metal; pop punk; punk,https://open.spotify.com/artist/0qT79UgT5tY4yudH9VfsdT,Short
"12120382831",18,Anderson .Paak,escape room,https://open.spotify.com/artist/3jK9MiCrA42lLAdMGUZpwa,Short
"12120382831",19,Green Day,permanent wave; pop punk; punk,https://open.spotify.com/artist/7oPftvlwr6VrsViSDV7fJY,Short
"12120382831",20,Hiroyuki Sawano,anime score; japanese soundtrack; otacore,https://open.spotify.com/artist/0Riv2KnFcLZA3JSVryRg4y,Short
"12120382831",21,Dontcry,lo-fi beats,https://open.spotify.com/artist/3vzJueN7TkCtYpz1myVmDU,Short
"12153521253",25,Sam Smith,dance pop; pop; post-teen pop; uk pop,https://open.spotify.com/artist/2wY79sveU1sp5g7SokKOiI,Long
"12153521253",26,The Weeknd,canadian contemporary r&b; canadian pop; pop,https://open.spotify.com/artist/1Xyo4u8uXC1ZmMpatF05PJ,Long
"12153521253",27,The Chainsmokers,dance pop; edm; electropop; pop; pop dance; tropical house,https://open.spotify.com/artist/69GGBxA162lTqCwzJG5jLp,Long
"12153521253",28,fun.,baroque pop; metropopolis; modern rock; pop; pop rock,https://open.spotify.com/artist/5nCi3BB41mBaMH9gfr6Su0,Long
"12153521253",29,The Theorist,classify; piano cover,https://open.spotify.com/artist/6N1GBr0koYYU0W59ECgg5u,Long
"12153521253",30,Daughtry,alternative metal; neo mellow; pop rock; post-grunge,https://open.spotify.com/artist/5P5FTygHyx2G57oszR3Wot,Long
"12153521253",31,Boyce Avenue,neo mellow; pop rock; viral pop,https://open.spotify.com/artist/7CQwac16i1W5ej8YpuL3dv,Long
"12153521253",32,Childish Gambino,atl hip hop; hip hop; pop rap; rap,https://open.spotify.com/artist/73sIBHcqh3Z3NyqHKZ7FOL,Long
"12153521253",33,Coldplay,permanent wave; pop,https://open.spotify.com/artist/4gzpq5DPGxSnKTe4SA8HAU,Long
"12153521253",34,Kodaline,irish pop; modern rock; pop; pop rock,https://open.spotify.com/artist/4BxCuXFJrSWGi1KHcVqaU4,Long
"12153521253",35,Noname,alternative r&b; chicago rap; escape room; hip hop; indie soul; neo soul; underground hip hop,https://open.spotify.com/artist/1EpyA68dKpjf7jXmQL88Hy,Long
"12153521253",36,Jhené Aiko,alternative r&b; dance pop; pop; r&b; urban contemporary,https://open.spotify.com/artist/5ZS223C6JyBfXasXxrRqOk,Long
"12153521253",37,Lorde,art pop; dance pop; electropop; metropopolis; nz pop; pop; pop dance; post-teen pop,https://open.spotify.com/artist/163tK9Wjr9P9DmM0AVK7lm,Long
"12153521253",38,San Holo,edm; electro house; electronic trap; electropop; future bass; pop dance; pop edm; vapor twitch,https://open.spotify.com/artist/0jNDKefhfSbLR9sFvcPLHo,Long
"12153521253",39,Aminé,hip hop; pop rap; portland hip hop; rap; underground hip hop,https://open.spotify.com/artist/3Gm5F95VdRxW3mqCn8RPBJ,Long
"12153521253",40,Khalid,alternative r&b; pop,https://open.spotify.com/artist/6LuN9FCkKOj5PcnpouEgny,Long
"12153521253",41,A$AP Rocky,east coast hip hop; hip hop; rap; southern hip hop; trap; underground hip hop,https://open.spotify.com/artist/13ubrt8QOOCPljQ2FL1Kca,Long
"12153521253",42,Calvin Harris,dance pop; edm; electro house; house; pop; pop dance; progressive house; uk dance,https://open.spotify.com/artist/7CajNmpbOovFoOoasH2HaY,Long
"12153521253",43,HONNE,pop; uk pop,https://open.spotify.com/artist/0Vw76uk7P8yVtTClWyOhac,Long
"12153521253",44,Beyoncé,dance pop; pop; post-teen pop; r&b,https://open.spotify.com/artist/6vWDO969PvNqNYHIOW5v0m,Long
"12153521253",45,Jorja Smith,pop; uk contemporary r&b,https://open.spotify.com/artist/1CoZyIx7UvdxT5c8UkMzHd,Long
"12153521253",46,Panic! At The Disco,baroque pop; emo; modern rock,https://open.spotify.com/artist/20JZFwl6HVl6yg8a4H3ZqK,Long
"12153521253",47,OneRepublic,dance pop; neo mellow; piano rock; pop; pop rock,https://open.spotify.com/artist/5Pwc4xIPtQLFEnJriah9YJ,Long
"12153521253",48,The Piano Guys,bow pop; classify,https://open.spotify.com/artist/0jW6R8CVyVohuUJVcuweDI,Long
"12153521253",49,Hunter Hayes,contemporary country; country; country road; modern country rock; neo mellow; pop; pop rock; post-teen pop,https://open.spotify.com/artist/7H6dkUChT5EoOQtUVMg4cN,Long
"12153521253",1,Lauv,electropop; pop; post-teen pop,https://open.spotify.com/artist/5JZ7CnR6gTvEMKX4g70Amv,Short
"12153521253",2,Daniel Caesar,canadian contemporary r&b; pop,https://open.spotify.com/artist/20wkVLutqVOYrc0kxFs7rA,Short
"12153521253",3,The 1975,modern alternative rock; modern rock; nu gaze; pop; rock,https://open.spotify.com/artist/3mIj9lX2MWuHmhNCA7LSCW,Short
"12120382831",22,Idealism,chillhop; lo-fi beats,https://open.spotify.com/artist/6YJ4EgQzDfJnIHRbqIHAdD,Short
"12120382831",23,Kygo,edm; pop; pop dance; tropical house,https://open.spotify.com/artist/23fqKkggKUBHNkbKtXEls4,Short
"12120382831",24,Ekali,canadian electronic; edm; electro house; electronic trap; electropop; future bass; indie electropop; pop; pop dance; pop edm; vapor soul; vapor twitch,https://open.spotify.com/artist/0Y0QSi6lz1bPik5Ffjr8sd,Short
"12120382831",25,Saib,chillhop; japanese chillhop; lo-fi beats,https://open.spotify.com/artist/6N4HlHINMvoTyAL0yhBUCk,Short
"12120382831",26,WYS,lo-fi beats,https://open.spotify.com/artist/2CiO7xWdwPMDlVwlt9qa1f,Short
"12120382831",27,Daniel Caesar,canadian contemporary r&b; pop,https://open.spotify.com/artist/20wkVLutqVOYrc0kxFs7rA,Short
"12120382831",28,Mac Miller,hip hop; pittsburgh rap; rap,https://open.spotify.com/artist/4LLpKhyESsyAXpc4laK94U,Short
"12120382831",29,BROCKHAMPTON,boy band; hip hop; rap; underground hip hop,https://open.spotify.com/artist/1Bl6wpkWCQ4KVgnASpvzzA,Short
"12120382831",30,Childish Gambino,atl hip hop; hip hop; pop rap; rap,https://open.spotify.com/artist/73sIBHcqh3Z3NyqHKZ7FOL,Short
"12120382831",31,Kupla,lo-fi beats,https://open.spotify.com/artist/7daSp9zXk1dmqNxwKFkL35,Short
"12120382831",32,Vince Staples,conscious hip hop; escape room; hip hop; rap; underground hip hop,https://open.spotify.com/artist/68kEuyFKyqrdQQLLsmiatm,Short
"12120382831",33,Zedd,complextro; dance pop; edm; electro house; electropop; german techno; pop; pop dance; post-teen pop; tropical house,https://open.spotify.com/artist/2qxJFvFYMEDqd7ui6kSAcq,Short
"12120382831",1,Jay Chou,c-pop; mandopop; taiwan pop; zhongguo feng,https://open.spotify.com/artist/2elBjNSdBE2Y3f0j1mjrql,Medium
"12120382831",2,blink-182,pop punk; punk; socal pop punk,https://open.spotify.com/artist/6FBDaR13swtiWwGhX1WQsP,Medium
"12120382831",3,Kanye West,chicago rap; rap,https://open.spotify.com/artist/5K4W6rqBFWDnAN6FQUkS6x,Medium
"12120382831",4,San Holo,edm; electro house; electronic trap; electropop; future bass; pop dance; pop edm; vapor twitch,https://open.spotify.com/artist/0jNDKefhfSbLR9sFvcPLHo,Medium
"12120382831",5,Joji,alternative r&b; viral pop,https://open.spotify.com/artist/3MZsBdqDrRTJihTHQrO6Dq,Medium
"12120382831",6,Gorillaz,alternative hip hop,https://open.spotify.com/artist/3AA28KZvwAUcZuOKwyblJQ,Medium
"12120382831",7,ILLENIUM,edm; electropop; melodic dubstep; pop; pop dance; tropical house,https://open.spotify.com/artist/45eNHdiiabvmbp4erw26rg,Medium
"12120382831",8,Frank Ocean,alternative r&b; hip hop; lgbtq+ hip hop; neo soul; pop,https://open.spotify.com/artist/2h93pZq0e7k5yf4dywlkpM,Medium
"12120382831",9,Sum 41,alternative metal; canadian pop punk; canadian punk; nu metal; pop punk; punk,https://open.spotify.com/artist/0qT79UgT5tY4yudH9VfsdT,Medium
"12120382831",10,My Chemical Romance,emo; pop punk,https://open.spotify.com/artist/7FBcuc1gsnv6Y1nwFtNRCb,Medium
"12120382831",11,Coldplay,permanent wave; pop,https://open.spotify.com/artist/4gzpq5DPGxSnKTe4SA8HAU,Medium
"12120382831",12,Kid Cudi,ohio hip hop; pop rap; rap,https://open.spotify.com/artist/0fA0VVWsXO9YnASrzqfmYu,Medium
"12120382831",13,The Weeknd,canadian contemporary r&b; canadian pop; pop,https://open.spotify.com/artist/1Xyo4u8uXC1ZmMpatF05PJ,Medium
"12120382831",14,EDEN,electropop; indie poptimism; modern rock; pop,https://open.spotify.com/artist/1t20wYnTiAT0Bs7H1hv9Wt,Medium
"12120382831",15,"Tyler, The Creator",hip hop; rap,https://open.spotify.com/artist/4V8LLVI7PbaPR0K2TGSxFF,Medium
"12120382831",16,Childish Gambino,atl hip hop; hip hop; pop rap; rap,https://open.spotify.com/artist/73sIBHcqh3Z3NyqHKZ7FOL,Medium
"12120382831",17,Calvin Harris,dance pop; edm; electro house; house; pop; pop dance; progressive house; uk dance,https://open.spotify.com/artist/7CajNmpbOovFoOoasH2HaY,Medium
"12120382831",18,A$AP Rocky,east coast hip hop; hip hop; rap; southern hip hop; trap; underground hip hop,https://open.spotify.com/artist/13ubrt8QOOCPljQ2FL1Kca,Medium
"12120382831",19,The Antlers,brooklyn indie; chamber pop; dream pop; freak folk; indie folk; indie pop; indie rock; melancholia; stomp and holler,https://open.spotify.com/artist/5o8Wylae9k23IEJMIiwd8s,Medium
"12120382831",20,RADWIMPS,j-pop; j-poprock; j-rock; japanese emo; visual kei,https://open.spotify.com/artist/1EowJ1WwkMzkCkRomFhui7,Medium
"12120382831",21,Travis Scott,rap,https://open.spotify.com/artist/0Y5tJX1MQlPlqiwlOH1tJY,Medium
"12120382831",22,Emancipator,downtempo; electronica; livetronica; trip hop,https://open.spotify.com/artist/6HCnsY0Rxi3cg53xreoAIm,Medium
"12120382831",23,Green Day,permanent wave; pop punk; punk,https://open.spotify.com/artist/7oPftvlwr6VrsViSDV7fJY,Medium
"12120382831",24,SwuM,chillhop; lo-fi beats,https://open.spotify.com/artist/2Fc1UZXKRmPpWWx1sxcb9m,Medium
"12120382831",25,The Chainsmokers,dance pop; edm; electropop; pop; pop dance; tropical house,https://open.spotify.com/artist/69GGBxA162lTqCwzJG5jLp,Medium
"12120382831",26,Ekali,canadian electronic; edm; electro house; electronic trap; electropop; future bass; indie electropop; pop; pop dance; pop edm; vapor soul; vapor twitch,https://open.spotify.com/artist/0Y0QSi6lz1bPik5Ffjr8sd,Medium
"12120382831",27,Kasbo,edm; electropop; future bass; indie electropop; indie poptimism; pop dance; pop edm; swedish electropop; tropical house; vapor soul; vapor twitch,https://open.spotify.com/artist/1ikID9RZZMvkuBGDWrqajq,Medium
"12120382831",28,Sufjan Stevens,baroque pop; chamber pop; freak folk; indie folk; singer-songwriter,https://open.spotify.com/artist/4MXUO7sVCaFgFjoTI5ox5c,Medium
"12153521253",4,LANY,la pop; pop,https://open.spotify.com/artist/49tQo2QULno7gxHutgccqF,Short
"12180399177",35,Shawna Edwards,"",https://open.spotify.com/artist/3OfuOiVvU2zW8evhjOltOk,Long
"12120382831",34,Martin Garrix,big room; dance pop; edm; electro house; pop; pop dance; progressive house; tropical house,https://open.spotify.com/artist/60d24wfXkVzDSfLS6hyCjZ,Short
"12120382831",35,Linked Horizon,anime; anime latino; anime score; otacore,https://open.spotify.com/artist/3eNYrVLcWfjJ9JdH9kiPJO,Short
"12120382831",36,Big Sean,detroit hip hop; hip hop; pop rap; rap; southern hip hop; trap,https://open.spotify.com/artist/0c173mlxpT3dSFRgMO8XPh,Short
"12120382831",37,Sarcastic Sounds,lo-fi beats; lo-fi chill,https://open.spotify.com/artist/1bq8rqNnfrojn0OSAfeNXJ,Short
"12120382831",38,ZHU,edm; electro house,https://open.spotify.com/artist/28j8lBWDdDSHSSt5oPlsX2,Short
"12120382831",39,Avicii,big room; dance pop; edm; pop; pop dance,https://open.spotify.com/artist/1vCWHaC5f2uS3yhpwWbIA6,Short
"12120382831",40,goosetaf,lo-fi beats,https://open.spotify.com/artist/46NCqFl8vhQZD77y7XkvJs,Short
"12120382831",41,eevee,chillhop; japanese chillhop; lo-fi beats,https://open.spotify.com/artist/4pwqNyMSvuv7VOhQBdjB6Q,Short
"12120382831",42,Harris Cole,chillhop; focus beats; lo-fi beats,https://open.spotify.com/artist/6DnF6PBcTSsEZuEjXpK0gX,Short
"12120382831",43,mell-ø,lo-fi beats,https://open.spotify.com/artist/6bA2OonnJsG1tN9yClu2aC,Short
"12120382831",44,SPEECHLESS,japanese chillhop; lo-fi beats,https://open.spotify.com/artist/0RUwm9ukhlW1oXDzXxj3C0,Short
"12120382831",45,Fujitsu,chillhop; lo-fi beats,https://open.spotify.com/artist/2a42gzUH51UAvwcfy0N6JT,Short
"12120382831",46,Tiësto,big room; brostep; dance pop; dutch edm; edm; electro house; house; pop; pop dance; trance; tropical house,https://open.spotify.com/artist/2o5jDhtHVPhrJdv3cEQ99Z,Short
"12120382831",47,Drake,canadian hip hop; canadian pop; hip hop; pop rap; rap; toronto rap,https://open.spotify.com/artist/3TVXtAsR1Inumwj472S9r4,Short
"12120382831",48,A L E X,chillhop; lo-fi beats,https://open.spotify.com/artist/3nCJkmgdZQ6l8o828Y3vNQ,Short
"12120382831",49,Knowmadic,chillhop; focus beats; lo-fi beats,https://open.spotify.com/artist/0HcyeAioEKhfwVcJAoyN36,Short
"12120382831",50,Don Diablo,big room; dance pop; deep big room; edm; electro house; future house; house; pop dance; pop edm; progressive electro house; tropical house,https://open.spotify.com/artist/1l2ekx5skC4gJH8djERwh1,Short
"12180399177",1,Miley Cyrus,dance pop; pop; pop dance; post-teen pop,https://open.spotify.com/artist/5YGY8feqx7naU7z4HrwZM6,Short
"12180399177",2,Kali Uchis,colombian pop; dance pop; pop,https://open.spotify.com/artist/1U1el3k54VvEUzo3ybLPlM,Short
"12180399177",3,Lana Del Rey,art pop; pop,https://open.spotify.com/artist/00FQb4jTyendYWaN8pK0wa,Short
"12180399177",4,Aminé,hip hop; pop rap; portland hip hop; rap; underground hip hop,https://open.spotify.com/artist/3Gm5F95VdRxW3mqCn8RPBJ,Short
"12180399177",5,The Velvet Underground,alternative rock; art rock; classic rock; folk rock; melancholia; permanent wave; protopunk; psychedelic rock; rock,https://open.spotify.com/artist/1nJvji2KIlWSseXRSlNYsC,Short
"12180399177",6,Jinsang,chillhop; japanese chillhop; korean r&b; lo-fi beats,https://open.spotify.com/artist/5FsfZj0Mp6YwEWytuJUcWt,Short
"12180399177",7,Rod Stewart,mellow gold; soft rock,https://open.spotify.com/artist/2y8Jo9CKhJvtfeKOsYzRdT,Short
"12180399177",8,Beach House,art pop; baltimore indie; chillwave; dream pop; freak folk; indie pop; indie rock; modern dream pop,https://open.spotify.com/artist/56ZTgzPBDge0OvCGgMO3OY,Short
"12180399177",9,Tame Impala,australian psych; neo-psychedelic,https://open.spotify.com/artist/5INjqkS1o8h1imAzPqGZBb,Short
"12180399177",10,Thundercat,afrofuturism; hip hop,https://open.spotify.com/artist/4frXpPxQQZwbCu3eTGnZEw,Short
"12180399177",11,Tomppabeats,chillhop; japanese chillhop; lo-fi beats,https://open.spotify.com/artist/0Q2Tc5yZFJpumLMc7Yz4e4,Short
"12180399177",12,Megan Thee Stallion,houston rap; pop; pop rap; trap queen,https://open.spotify.com/artist/181bsRPaVXVlUKXrxwZfHK,Short
"12180399177",13,"21 Savage",atl hip hop; rap; trap,https://open.spotify.com/artist/1URnnhqYAYcrqrcwql10ft,Short
"12180399177",14,Lucas Estrada,deep house; deep pop edm; deep tropical house; pop dance; pop edm; swedish tropical house; tropical house,https://open.spotify.com/artist/2tndYCXQneCV4jtoWRwVpz,Short
"12180399177",15,Joey Pecoraro,chillhop; lo-fi beats,https://open.spotify.com/artist/44insiIQApkRaCMIbuaISJ,Short
"12180399177",16,Leavv,chillhop; lo-fi beats,https://open.spotify.com/artist/7sNw4pNLLJNGrU62O80WGE,Short
"12180399177",17,Kid Cudi,ohio hip hop; pop rap; rap,https://open.spotify.com/artist/0fA0VVWsXO9YnASrzqfmYu,Short
"12180399177",18,Madism,deep tropical house; pop dance; tropical house,https://open.spotify.com/artist/5UUdxfBMwm0hLlLgnZtBFv,Short
"12180399177",19,Internet Money,pop rap; rap; trap,https://open.spotify.com/artist/6MPCFvOQv5cIGfw3jODMF0,Short
"12180399177",20,Aviino,"",https://open.spotify.com/artist/6poGVkPdF42Kfchhw1cu0J,Short
"12180399177",21,The Field Tapes,neo-classical,https://open.spotify.com/artist/4LeF3SUf7hytyGQJoLJbym,Short
"12180399177",22,Pawl,scandipop,https://open.spotify.com/artist/1ShHSfgvLgJ4i26xcXB232,Short
"12180399177",23,Elderbrook,house; pop dance; tropical house,https://open.spotify.com/artist/2vf4pRsEY6LpL5tKmqWb64,Short
"12180399177",24,trabbey,"",https://open.spotify.com/artist/3njIliuv3ugKzuNZgEOZ6s,Short
"12180399177",25,DaBaby,north carolina hip hop; rap,https://open.spotify.com/artist/4r63FhuTkUYltbVAg5TQnk,Short
"12180399177",26,French Montana,hip hop; pop rap; rap; southern hip hop; trap,https://open.spotify.com/artist/6vXTefBL93Dj5IqAWq6OTv,Short
"12180399177",27,Philanthrope,chillhop; lo-fi beats,https://open.spotify.com/artist/13ACz7DIictCpSYGglNTHs,Short
"12180399177",28,Chuki Beats,beats,https://open.spotify.com/artist/3I2KQWCAh5aOh1YJ62LIlQ,Short
"12180399177",29,Pop Smoke,brooklyn drill,https://open.spotify.com/artist/0eDvMgVFoNV3TpwtrVCoTj,Short
"12180399177",30,Peter Kind,lo-fi beats,https://open.spotify.com/artist/1xMxQQ71TIGQgzH4NY0ECM,Short
"12180399177",31,Flying Lotus,afrofuturism; alternative hip hop; electronica; escape room; experimental hip hop; glitch; glitch hop; hip hop; intelligent dance music; jazztronica; psychedelic hip hop; wonky,https://open.spotify.com/artist/29XOeO6KIWxGthejQqn793,Short
"12180399177",32,Psalm Trees,chillhop; lo-fi beats,https://open.spotify.com/artist/5pmXkV6A8yQdoa64xzvZ0S,Short
"12180399177",33,Wun Two,chillhop; lo-fi beats,https://open.spotify.com/artist/69cjjIQEN8M6heOBT2SqZE,Short
"12180399177",34,Bruno Major,indie cafe pop; pop,https://open.spotify.com/artist/0hDjKSKjl1DC7ovYTDJHe8,Short
"12180399177",35,Sleepy Fish,chillhop; lo-fi beats,https://open.spotify.com/artist/1IJe80moz409PtxW4llPFw,Short
"12180399177",36,Young Taylor,"",https://open.spotify.com/artist/1YYy5EEgeyFqkB0k0I1inJ,Short
"12180399177",37,SwuM,chillhop; lo-fi beats,https://open.spotify.com/artist/2Fc1UZXKRmPpWWx1sxcb9m,Short
"12180399177",38,Jobii,chill out; lo-fi beats,https://open.spotify.com/artist/2MGL4XU2LCJC47c7VvSwuE,Short
"12180399177",39,KLIM,chillhop; jazz boom bap; lo-fi beats,https://open.spotify.com/artist/2mI6A1by7u32RZH8Kf61Kw,Short
"12180399177",40,goosetaf,lo-fi beats,https://open.spotify.com/artist/46NCqFl8vhQZD77y7XkvJs,Short
"12180399177",41,Misha,chillhop,https://open.spotify.com/artist/4dPYdHTBZATnTYABJ39sY7,Short
"12180399177",42,weird inside,chillhop; future bass; lo-fi beats; vapor twitch,https://open.spotify.com/artist/4iylWAhvTVtSVhIeAoM7Bl,Short
"12180399177",43,eevee,chillhop; japanese chillhop; lo-fi beats,https://open.spotify.com/artist/4pwqNyMSvuv7VOhQBdjB6Q,Short
"12180399177",44,Guustavv,lo-fi beats,https://open.spotify.com/artist/4ztOXfl03SlHkzRIsrvWmX,Short
"12180399177",45,twuan,chillhop; lo-fi beats,https://open.spotify.com/artist/5T0wPeBVC0F7uEbIr8JKE5,Short
"12180399177",46,CaliCronk,focus beats,https://open.spotify.com/artist/7IWTF2SJ9kPwh5YH92KF9q,Short
"12180399177",47,Jack Harlow,deep underground hip hop; kentucky hip hop; pop rap; rap,https://open.spotify.com/artist/2LIk90788K0zvyj2JJVwkJ,Short
"12180399177",48,Ariana Grande,pop; post-teen pop,https://open.spotify.com/artist/66CXWjxzNUsdJxJ2JdwvnR,Short
"12180399177",1,Tomppabeats,chillhop; japanese chillhop; lo-fi beats,https://open.spotify.com/artist/0Q2Tc5yZFJpumLMc7Yz4e4,Medium
"12180399177",2,Daniel Caesar,canadian contemporary r&b; pop,https://open.spotify.com/artist/20wkVLutqVOYrc0kxFs7rA,Medium
"12180399177",3,Tame Impala,australian psych; neo-psychedelic,https://open.spotify.com/artist/5INjqkS1o8h1imAzPqGZBb,Medium
"12180399177",4,Beach House,art pop; baltimore indie; chillwave; dream pop; freak folk; indie pop; indie rock; modern dream pop,https://open.spotify.com/artist/56ZTgzPBDge0OvCGgMO3OY,Medium
"12180399177",5,Jinsang,chillhop; japanese chillhop; korean r&b; lo-fi beats,https://open.spotify.com/artist/5FsfZj0Mp6YwEWytuJUcWt,Medium
"12180399177",6,Angelina Jordan,contemporary vocal jazz,https://open.spotify.com/artist/0iQDOaYEA5i9RAF0Z73iXb,Medium
"12180399177",7,Jacob Collier,indie soul; uk alternative pop,https://open.spotify.com/artist/0QWrMNukfcVOmgEU0FEDyD,Medium
"12180399177",8,Miley Cyrus,dance pop; pop; pop dance; post-teen pop,https://open.spotify.com/artist/5YGY8feqx7naU7z4HrwZM6,Medium
"12180399177",9,Kali Uchis,colombian pop; dance pop; pop,https://open.spotify.com/artist/1U1el3k54VvEUzo3ybLPlM,Medium
"12180399177",10,Rex Orange County,bedroom pop; pop,https://open.spotify.com/artist/7pbDxGE6nQSZVfiFdq9lOL,Medium
"12180399177",11,MGMT,alternative dance; indie rock; indietronica; modern rock; rock,https://open.spotify.com/artist/0SwO7SWeDHJijQ3XNS7xEE,Medium
"12180399177",12,Thundercat,afrofuturism; hip hop,https://open.spotify.com/artist/4frXpPxQQZwbCu3eTGnZEw,Medium
"12180399177",13,moow,chillhop; lo-fi beats,https://open.spotify.com/artist/4dGUoQuMs1zVpafybz4O9d,Medium
"12180399177",14,Khruangbin,neo-psychedelic,https://open.spotify.com/artist/2mVVjNmdjXZZDvhgQWiakk,Medium
"12180399177",15,Temples,neo-psychedelic,https://open.spotify.com/artist/4ogwGU9VPWrnVBs1GEwZVV,Medium
"12180399177",16,eevee,chillhop; japanese chillhop; lo-fi beats,https://open.spotify.com/artist/4pwqNyMSvuv7VOhQBdjB6Q,Medium
"12180399177",17,Lana Del Rey,art pop; pop,https://open.spotify.com/artist/00FQb4jTyendYWaN8pK0wa,Medium
"12180399177",18,Taylor Swift,pop,https://open.spotify.com/artist/06HL4z0CvFAxyc27GXpf02,Medium
"12180399177",19,Pink Floyd,album rock; art rock; classic rock; progressive rock; psychedelic rock; rock; symphonic rock,https://open.spotify.com/artist/0k17h0D3J5VfsdmQ1iZtE9,Medium
"12180399177",20,Aminé,hip hop; pop rap; portland hip hop; rap; underground hip hop,https://open.spotify.com/artist/3Gm5F95VdRxW3mqCn8RPBJ,Medium
"12180399177",21,SASAMI,bubblegrunge; indie rock,https://open.spotify.com/artist/4pdoRs7yHNXakMobf8M9Oz,Medium
"12180399177",22,Jai Wolf,edm; electropop; future bass; indie electropop; indie poptimism; pop edm; tropical house; vapor soul; vapor twitch,https://open.spotify.com/artist/24V5UY0nChKpnb1TBPJhCw,Medium
"12180399177",23,Deerhunter,alternative dance; alternative rock; art pop; atlanta indie; chamber psych; chillwave; dance-punk; dream pop; electronica; experimental rock; freak folk; garage psych; indie pop; indie rock; modern alternative rock; modern rock; neo-psychedelic; new rave; noise pop; noise rock; nu gaze; shoegaze,https://open.spotify.com/artist/38zTZcuN7nFvVJ6auhc6V3,Medium
"12180399177",24,ODESZA,chillwave; ninja,https://open.spotify.com/artist/21mKp7DqtSNHhCAU2ugvUw,Medium
"12180399177",25,Alicia Keys,hip pop; neo soul; pop; r&b; urban contemporary,https://open.spotify.com/artist/3DiDSECUqqY1AuBP8qtaIa,Medium
"12180399177",26,Forsvarets Stabsmusikkorps,"",https://open.spotify.com/artist/4DSDUs4nuqsHmS4LisPi9U,Medium
"12180399177",27,The Velvet Underground,alternative rock; art rock; classic rock; folk rock; melancholia; permanent wave; protopunk; psychedelic rock; rock,https://open.spotify.com/artist/1nJvji2KIlWSseXRSlNYsC,Medium
"12180399177",28,Frank Ocean,alternative r&b; hip hop; lgbtq+ hip hop; neo soul; pop,https://open.spotify.com/artist/2h93pZq0e7k5yf4dywlkpM,Medium
"12180399177",29,The 1975,modern alternative rock; modern rock; nu gaze; pop; rock,https://open.spotify.com/artist/3mIj9lX2MWuHmhNCA7LSCW,Medium
"12180399177",30,Bruno Major,indie cafe pop; pop,https://open.spotify.com/artist/0hDjKSKjl1DC7ovYTDJHe8,Medium
"12180399177",31,H.E.R.,alternative r&b; dance pop; pop; pop rap; r&b; urban contemporary,https://open.spotify.com/artist/3Y7RZ31TRPVadSFVy1o8os,Medium
"12180399177",32,Noname,alternative r&b; chicago rap; escape room; hip hop; indie soul; neo soul; underground hip hop,https://open.spotify.com/artist/1EpyA68dKpjf7jXmQL88Hy,Medium
"12180399177",33,Purple Disco Machine,deep house; disco house; house; tropical house,https://open.spotify.com/artist/2WBJQGf1bT1kxuoqziH5g4,Medium
"12180399177",34,Pond,indie rock; neo-psychedelic,https://open.spotify.com/artist/4skJp5OKvcc9eKokiuhi2s,Medium
"12180399177",35,Kanye West,chicago rap; rap,https://open.spotify.com/artist/5K4W6rqBFWDnAN6FQUkS6x,Medium
"12180399177",34,SASAMI,bubblegrunge; indie rock,https://open.spotify.com/artist/4pdoRs7yHNXakMobf8M9Oz,Long
"12180399177",36,King Gizzard & The Lizard Wizard,australian indie; australian psych; double drumming; neo-psychedelic,https://open.spotify.com/artist/6XYvaoDGE0VmRt83Jss9Sn,Medium
"12180399177",37,DaBaby,north carolina hip hop; rap,https://open.spotify.com/artist/4r63FhuTkUYltbVAg5TQnk,Medium
"12180399177",38,The Heavy,bath indie; funk; garage rock; modern alternative rock; modern blues rock; modern rock; rock,https://open.spotify.com/artist/0bZCak2tcRMY1dzEIuwF42,Medium
"12180399177",39,D Smoke,"",https://open.spotify.com/artist/23rK0hajv5ix2yPM4IIgOo,Medium
"12180399177",40,PREP,alternative r&b,https://open.spotify.com/artist/31SBgHxc8eqZUk9MdveH42,Medium
"12180399177",41,BLACKPINK,k-pop; k-pop girl group,https://open.spotify.com/artist/41MozSoPIsD1dJM0CLPjZF,Medium
"12180399177",42,Rod Stewart,mellow gold; soft rock,https://open.spotify.com/artist/2y8Jo9CKhJvtfeKOsYzRdT,Medium
"12180399177",43,Joji,alternative r&b; viral pop,https://open.spotify.com/artist/3MZsBdqDrRTJihTHQrO6Dq,Medium
"12180399177",44,Diana Krall,adult standards; contemporary vocal jazz; jazz pop; vocal jazz,https://open.spotify.com/artist/5z1VAFwT35EVvCp1XlZZuL,Medium
"12180399177",45,HONNE,pop; uk pop,https://open.spotify.com/artist/0Vw76uk7P8yVtTClWyOhac,Medium
"12180399177",46,Surfaces,bedroom soul; pop,https://open.spotify.com/artist/4ETSs924pXMzjIeD6E9b4u,Medium
"12180399177",47,Pop Smoke,brooklyn drill,https://open.spotify.com/artist/0eDvMgVFoNV3TpwtrVCoTj,Medium
"12180399177",48,Stella Donnelly,australian indie; australian singer-songwriter; perth indie,https://open.spotify.com/artist/2mHjhKyKCLh6MZELuCe1Es,Medium
"12180399177",49,Fall Out Boy,emo; modern rock; pop punk,https://open.spotify.com/artist/4UXqAaa6dQYAk18Lv7PEgX,Medium
"12180399177",50,Coldplay,permanent wave; pop,https://open.spotify.com/artist/4gzpq5DPGxSnKTe4SA8HAU,Medium
"12180399177",1,Tame Impala,australian psych; neo-psychedelic,https://open.spotify.com/artist/5INjqkS1o8h1imAzPqGZBb,Long
"12180399177",2,Drake,canadian hip hop; canadian pop; hip hop; pop rap; rap; toronto rap,https://open.spotify.com/artist/3TVXtAsR1Inumwj472S9r4,Long
"12180399177",3,Daniel Caesar,canadian contemporary r&b; pop,https://open.spotify.com/artist/20wkVLutqVOYrc0kxFs7rA,Long
"12180399177",4,Rex Orange County,bedroom pop; pop,https://open.spotify.com/artist/7pbDxGE6nQSZVfiFdq9lOL,Long
"12180399177",5,Kanye West,chicago rap; rap,https://open.spotify.com/artist/5K4W6rqBFWDnAN6FQUkS6x,Long
"12180399177",6,Jinsang,chillhop; japanese chillhop; korean r&b; lo-fi beats,https://open.spotify.com/artist/5FsfZj0Mp6YwEWytuJUcWt,Long
"12180399177",7,Miguel,dance pop; hip hop; pop; r&b; urban contemporary,https://open.spotify.com/artist/360IAlyVv4PCEVjgyMZrxK,Long
"12180399177",8,H.E.R.,alternative r&b; dance pop; pop; pop rap; r&b; urban contemporary,https://open.spotify.com/artist/3Y7RZ31TRPVadSFVy1o8os,Long
"12180399177",9,Hillsong Worship,ccm; christian music; russian ccm; world worship; worship,https://open.spotify.com/artist/3SgHzT552wy2W8pNLaLk24,Long
"12180399177",10,Bethel Music,ambient worship; ccm; christian music; deep ccm; world worship; worship,https://open.spotify.com/artist/26T4yOaOoFJvUvxR87Y9HO,Long
"12180399177",11,Coldplay,permanent wave; pop,https://open.spotify.com/artist/4gzpq5DPGxSnKTe4SA8HAU,Long
"12180399177",12,Big Sean,detroit hip hop; hip hop; pop rap; rap; southern hip hop; trap,https://open.spotify.com/artist/0c173mlxpT3dSFRgMO8XPh,Long
"12180399177",13,John Mayer,neo mellow; pop; pop rock; singer-songwriter,https://open.spotify.com/artist/0hEurMDQu99nJRq8pTxO14,Long
"12180399177",14,Childish Gambino,atl hip hop; hip hop; pop rap; rap,https://open.spotify.com/artist/73sIBHcqh3Z3NyqHKZ7FOL,Long
"12180399177",15,Joji,alternative r&b; viral pop,https://open.spotify.com/artist/3MZsBdqDrRTJihTHQrO6Dq,Long
"12180399177",16,Frank Ocean,alternative r&b; hip hop; lgbtq+ hip hop; neo soul; pop,https://open.spotify.com/artist/2h93pZq0e7k5yf4dywlkpM,Long
"12180399177",17,Sabrina Claudio,alternative r&b; pop,https://open.spotify.com/artist/30DhU7BDmF4PH0JVhu8ZRg,Long
"12180399177",18,Billie Eilish,electropop; pop,https://open.spotify.com/artist/6qqNVTkY8uBg9cP3Jd7DAH,Long
"12180399177",19,Beach House,art pop; baltimore indie; chillwave; dream pop; freak folk; indie pop; indie rock; modern dream pop,https://open.spotify.com/artist/56ZTgzPBDge0OvCGgMO3OY,Long
"12180399177",20,Jhené Aiko,alternative r&b; dance pop; pop; r&b; urban contemporary,https://open.spotify.com/artist/5ZS223C6JyBfXasXxrRqOk,Long
"12180399177",21,Alina Baraz,alternative r&b; electropop; etherpop; pop,https://open.spotify.com/artist/6hfwwpXqZPRC9CsKI7qtv1,Long
"12180399177",22,Post Malone,dfw rap; melodic rap; rap,https://open.spotify.com/artist/246dkjvS1zLTtiykXe5h60,Long
"12180399177",23,Gallant,alternative r&b,https://open.spotify.com/artist/7wFDo161xYdeaiLz3KIHoM,Long
"12180399177",24,Tomppabeats,chillhop; japanese chillhop; lo-fi beats,https://open.spotify.com/artist/0Q2Tc5yZFJpumLMc7Yz4e4,Long
"12180399177",25,Aminé,hip hop; pop rap; portland hip hop; rap; underground hip hop,https://open.spotify.com/artist/3Gm5F95VdRxW3mqCn8RPBJ,Long
"12180399177",26,Muse,modern rock; permanent wave; rock,https://open.spotify.com/artist/12Chz98pHFMPJEknJQMWvI,Long
"12180399177",27,"Instrumental Christian Songs, Christian Piano Music",christian relaxative,https://open.spotify.com/artist/7gjHSq6MQ3C2RNdlIkbYnG,Long
"12180399177",28,"Tyler, The Creator",hip hop; rap,https://open.spotify.com/artist/4V8LLVI7PbaPR0K2TGSxFF,Long
"12180399177",29,Kendrick Lamar,conscious hip hop; hip hop; rap; west coast rap,https://open.spotify.com/artist/2YZyLoL8N0Wb9xBt1NhZWg,Long
"12180399177",30,DJ Khaled,dance pop; hip hop; miami hip hop; pop; pop rap; rap; southern hip hop; trap,https://open.spotify.com/artist/0QHgL1lAIqAw0HtD7YldmP,Long
"12180399177",31,Inner Wave,indie garage rock; indie pop,https://open.spotify.com/artist/6AQEfqGPSxZX0nJVonYxi6,Long
"12180399177",32,Gucci Mane,atl hip hop; dirty south rap; gangster rap; hip hop; pop rap; rap; southern hip hop; trap,https://open.spotify.com/artist/13y7CgLHjMVRMDqxdx0Xdo,Long
"12180399177",33,The Weeknd,canadian contemporary r&b; canadian pop; pop,https://open.spotify.com/artist/1Xyo4u8uXC1ZmMpatF05PJ,Long
"12180399177",36,The O'Neill Brothers,sleep,https://open.spotify.com/artist/2szp9EHFXhBSuS3PmZwqvg,Long
"12180399177",37,Kehlani,dance pop; pop; pop rap; post-teen pop; r&b,https://open.spotify.com/artist/0cGUm45nv7Z6M6qdXYQGTX,Long
"12180399177",38,Study Focus,relaxative,https://open.spotify.com/artist/6aEj8uMYVuJMtQV53effib,Long
"12180399177",39,Deerhunter,alternative dance; alternative rock; art pop; atlanta indie; chamber psych; chillwave; dance-punk; dream pop; electronica; experimental rock; freak folk; garage psych; indie pop; indie rock; modern alternative rock; modern rock; neo-psychedelic; new rave; noise pop; noise rock; nu gaze; shoegaze,https://open.spotify.com/artist/38zTZcuN7nFvVJ6auhc6V3,Long
"12180399177",40,Bruno Mars,dance pop; pop,https://open.spotify.com/artist/0du5cEVh5yTK9QJze8zA0C,Long
"12180399177",41,Elevation Worship,ccm; christian music; world worship; worship,https://open.spotify.com/artist/3YCKuqpv9nCsIhJ2v8SMix,Long
"12180399177",42,Khalid,alternative r&b; pop,https://open.spotify.com/artist/6LuN9FCkKOj5PcnpouEgny,Long
"12180399177",43,blackbear,electropop; pop; pop rap,https://open.spotify.com/artist/2cFrymmkijnjDg9SS92EPM,Long
"12180399177",44,The Piano Guys,bow pop; classify,https://open.spotify.com/artist/0jW6R8CVyVohuUJVcuweDI,Long
"12180399177",45,"6LACK",alternative r&b; atl hip hop; hip hop; melodic rap; pop rap; rap; trap,https://open.spotify.com/artist/4IVAbR2w4JJNJDDRFP3E83,Long
"12180399177",46,Flume,australian dance; australian electropop; australian indie; downtempo; edm,https://open.spotify.com/artist/6nxWCVXbOlEVRexSbLsTer,Long
"12180399177",47,Brent Faiyaz,dmv rap; rap,https://open.spotify.com/artist/3tlXnStJ1fFhdScmQeLpuG,Long
"12180399177",48,MGMT,alternative dance; indie rock; indietronica; modern rock; rock,https://open.spotify.com/artist/0SwO7SWeDHJijQ3XNS7xEE,Long
"12180399177",49,Dua Lipa,dance pop; pop; pop dance; uk pop,https://open.spotify.com/artist/6M2wZ9GZgrQXHCFfjv46we,Long
"12180399177",50,Kali Uchis,colombian pop; dance pop; pop,https://open.spotify.com/artist/1U1el3k54VvEUzo3ybLPlM,Long
"12153521253",5,Kina,pop; sad rap,https://open.spotify.com/artist/4qIVPF0s71ZYW3qzhu5GkF,Short
"12153521253",6,Jeremy Zucker,electropop; pop,https://open.spotify.com/artist/3gIRvgZssIb9aiirIg0nI3,Short
"12153521253",7,Cigarettes After Sex,ambient pop; dream pop; el paso indie; shoegaze,https://open.spotify.com/artist/1QAJqy2dA3ihHBFIHRphZj,Short
"12153521253",8,The Weeknd,canadian contemporary r&b; canadian pop; pop,https://open.spotify.com/artist/1Xyo4u8uXC1ZmMpatF05PJ,Short
"12153521253",9,Alvvays,indie pop; indie rock; shoegaze; toronto indie,https://open.spotify.com/artist/3kzwYV3OCB010YfXMF0Avt,Short
"12153521253",10,Ali Gatie,canadian hip hop; pop,https://open.spotify.com/artist/4rTv3Ejc7hKMtmoBOK1B4T,Short
"12153521253",11,Kodaline,irish pop; modern rock; pop; pop rock,https://open.spotify.com/artist/4BxCuXFJrSWGi1KHcVqaU4,Short
"12153521253",12,The Japanese House,electropop; indie pop; indie poptimism; indietronica; modern dream pop; vapor soul,https://open.spotify.com/artist/3IunaFjvNKj98JW89JYv9u,Short
"12153521253",13,Oh Wonder,electropop; indie pop; indie poptimism; pop,https://open.spotify.com/artist/5cIc3SBFuBLVxJz58W2tU9,Short
"12153521253",14,The Neighbourhood,modern alternative rock; modern rock; pop,https://open.spotify.com/artist/77SW9BnxLY8rJ0RciFqkHh,Short
"12153521253",15,Handsome Ghost,hopebeat; indie anthem-folk; indie electropop; indie poptimism; indiecoustica; nyc pop,https://open.spotify.com/artist/3IaqL9bsZtYJkqNLiovVho,Short
"12153521253",16,Tate McRae,dance pop; electropop; pop; post-teen pop,https://open.spotify.com/artist/45dkTj5sMRSjrmBSBeiHym,Short
"12153521253",17,Kanye West,chicago rap; rap,https://open.spotify.com/artist/5K4W6rqBFWDnAN6FQUkS6x,Short
"12153521253",18,Frank Ocean,alternative r&b; hip hop; lgbtq+ hip hop; neo soul; pop,https://open.spotify.com/artist/2h93pZq0e7k5yf4dywlkpM,Short
"12153521253",19,Alec Benjamin,electropop; pop,https://open.spotify.com/artist/5IH6FPUwQTxPSXurCrcIov,Short
"12153521253",20,Trevor Daniel,alternative r&b; melodic rap; pop rap,https://open.spotify.com/artist/7uaIm6Pw7xplS8Dy06V6pT,Short
"12153521253",21,Stephan Moccio,background piano; calming instrumental; christmas instrumental; neo-classical,https://open.spotify.com/artist/25s9H1JQmTu3iuFzpXWUIg,Short
"12153521253",22,BTS,k-pop; k-pop boy group,https://open.spotify.com/artist/3Nrfpe0tUJi4K4DXYWgMUX,Short
"12153521253",50,Taylor Swift,pop,https://open.spotify.com/artist/06HL4z0CvFAxyc27GXpf02,Long
"12120382831",29,Philippe Entremont,classical performance; french classical piano,https://open.spotify.com/artist/4x2fCu6MNErew0pb64yOBO,Medium
"12120382831",30,Louis The Child,edm; electropop; pop; pop dance; tropical house,https://open.spotify.com/artist/7wg1qvie3KqDNQbAkTdbX0,Medium
"12120382831",31,Juice WRLD,chicago rap; melodic rap,https://open.spotify.com/artist/4MCBfE4596Uoi2O4DtmEMz,Medium
"12120382831",32,Anderson .Paak,escape room,https://open.spotify.com/artist/3jK9MiCrA42lLAdMGUZpwa,Medium
"12120382831",33,Kaskade,big room; chicago house; edm; electro house; house; pop; pop dance; progressive house; tropical house; vocal house,https://open.spotify.com/artist/6TQj5BFPooTa08A7pk8AQ1,Medium
"12120382831",34,July,freakbeat,https://open.spotify.com/artist/2i66H6Y7BoIctXC5Dfqp2Z,Medium
"12120382831",35,BROCKHAMPTON,boy band; hip hop; rap; underground hip hop,https://open.spotify.com/artist/1Bl6wpkWCQ4KVgnASpvzzA,Medium
"12120382831",36,Kendrick Lamar,conscious hip hop; hip hop; rap; west coast rap,https://open.spotify.com/artist/2YZyLoL8N0Wb9xBt1NhZWg,Medium
"12120382831",37,Saib,chillhop; japanese chillhop; lo-fi beats,https://open.spotify.com/artist/6N4HlHINMvoTyAL0yhBUCk,Medium
"12120382831",38,Gryffin,dance pop; edm; pop; pop dance; tropical house,https://open.spotify.com/artist/2ZRQcIgzPCVaT9XKhXZIzh,Medium
"12120382831",39,Eminem,detroit hip hop; hip hop; rap,https://open.spotify.com/artist/7dGJo4pcD2V6oG8kP0tJRR,Medium
"12120382831",40,Igor Longhi,neo-classical,https://open.spotify.com/artist/7m19QokImp5BPScQNdfBpW,Medium
"12120382831",41,Idealism,chillhop; lo-fi beats,https://open.spotify.com/artist/6YJ4EgQzDfJnIHRbqIHAdD,Medium
"12120382831",42,Seven Lions,dubstep; edm; electro house; future bass; melodic dubstep; pop dance; pop edm; progressive trance,https://open.spotify.com/artist/6fcTRFpz0yH79qSKfof7lp,Medium
"12120382831",43,Medasin,edm; electronic trap; electropop; future bass; indie soul; vapor soul; vapor twitch,https://open.spotify.com/artist/62vbsDRAq0qHdezaCOzB0T,Medium
"12120382831",44,Chance the Rapper,chicago rap; conscious hip hop; hip hop; pop rap; rap,https://open.spotify.com/artist/1anyVhU62p31KFi8MEzkbf,Medium
"12120382831",45,ScHoolboy Q,gangster rap; hip hop; pop rap; rap; southern hip hop; trap; underground hip hop,https://open.spotify.com/artist/5IcR3N7QB1j6KBL8eImZ8m,Medium
"12120382831",46,Dontcry,lo-fi beats,https://open.spotify.com/artist/3vzJueN7TkCtYpz1myVmDU,Medium
"12120382831",47,Jinsang,chillhop; japanese chillhop; korean r&b; lo-fi beats,https://open.spotify.com/artist/5FsfZj0Mp6YwEWytuJUcWt,Medium
"12120382831",48,Kupla,lo-fi beats,https://open.spotify.com/artist/7daSp9zXk1dmqNxwKFkL35,Medium
"12120382831",49,Whethan,edm; electropop; indie poptimism; pop; pop dance; tropical house; vapor soul; vapor twitch,https://open.spotify.com/artist/0vqJkZ0RpLZixt3lTmD8vP,Medium
"12120382831",50,Verzache,lo-fi beats,https://open.spotify.com/artist/59KX7XUUgAOOo5IyDjca0T,Medium
"12153521253",1,Lauv,electropop; pop; post-teen pop,https://open.spotify.com/artist/5JZ7CnR6gTvEMKX4g70Amv,Medium
"12153521253",2,The 1975,modern alternative rock; modern rock; nu gaze; pop; rock,https://open.spotify.com/artist/3mIj9lX2MWuHmhNCA7LSCW,Medium
"12153521253",3,Daniel Caesar,canadian contemporary r&b; pop,https://open.spotify.com/artist/20wkVLutqVOYrc0kxFs7rA,Medium
"12153521253",4,Oh Wonder,electropop; indie pop; indie poptimism; pop,https://open.spotify.com/artist/5cIc3SBFuBLVxJz58W2tU9,Medium
"12153521253",5,Chance the Rapper,chicago rap; conscious hip hop; hip hop; pop rap; rap,https://open.spotify.com/artist/1anyVhU62p31KFi8MEzkbf,Medium
"12153521253",6,LANY,la pop; pop,https://open.spotify.com/artist/49tQo2QULno7gxHutgccqF,Medium
"12153521253",7,BTS,k-pop; k-pop boy group,https://open.spotify.com/artist/3Nrfpe0tUJi4K4DXYWgMUX,Medium
"12153521253",8,Frank Ocean,alternative r&b; hip hop; lgbtq+ hip hop; neo soul; pop,https://open.spotify.com/artist/2h93pZq0e7k5yf4dywlkpM,Medium
"12153521253",9,Norman Dück,classify,https://open.spotify.com/artist/5v5UYx58FiFAcbWIjZ4kPB,Medium
"12153521253",10,Jeremy Zucker,electropop; pop,https://open.spotify.com/artist/3gIRvgZssIb9aiirIg0nI3,Medium
"12153521253",11,Kina,pop; sad rap,https://open.spotify.com/artist/4qIVPF0s71ZYW3qzhu5GkF,Medium
"12153521253",12,The Weeknd,canadian contemporary r&b; canadian pop; pop,https://open.spotify.com/artist/1Xyo4u8uXC1ZmMpatF05PJ,Medium
"12153521253",13,Kodaline,irish pop; modern rock; pop; pop rock,https://open.spotify.com/artist/4BxCuXFJrSWGi1KHcVqaU4,Medium
"12153521253",14,JC Stewart,indie anthem-folk; indie cafe pop; uk pop,https://open.spotify.com/artist/2TAqN8fwfaKauvviN4pOsv,Medium
"12153521253",15,Cigarettes After Sex,ambient pop; dream pop; el paso indie; shoegaze,https://open.spotify.com/artist/1QAJqy2dA3ihHBFIHRphZj,Medium
"12153521253",16,Ellie Goulding,dance pop; indietronica; metropopolis; pop; pop dance; post-teen pop; uk pop,https://open.spotify.com/artist/0X2BH1fck6amBIoJhDVmmJ,Medium
"12153521253",17,Alvvays,indie pop; indie rock; shoegaze; toronto indie,https://open.spotify.com/artist/3kzwYV3OCB010YfXMF0Avt,Medium
"12153521253",18,Kainbeats,"",https://open.spotify.com/artist/4n9z9czt00gzw36hdoVU3G,Medium
"12153521253",19,Blissful Radiance,"",https://open.spotify.com/artist/7hrJrU2yFtaDBuXpKa5CcH,Medium
"12153521253",20,The Japanese House,electropop; indie pop; indie poptimism; indietronica; modern dream pop; vapor soul,https://open.spotify.com/artist/3IunaFjvNKj98JW89JYv9u,Medium
"12153521253",21,Taylor Swift,pop,https://open.spotify.com/artist/06HL4z0CvFAxyc27GXpf02,Medium
"12153521253",22,HONNE,pop; uk pop,https://open.spotify.com/artist/0Vw76uk7P8yVtTClWyOhac,Medium
"12153521253",23,Frozen Silence,commons,https://open.spotify.com/artist/2zYmFMkDco03qam6Nx4uir,Medium
"12153521253",24,Ali Gatie,canadian hip hop; pop,https://open.spotify.com/artist/4rTv3Ejc7hKMtmoBOK1B4T,Medium
"12153521253",25,softy,lo-fi beats,https://open.spotify.com/artist/0wcen0V8FgQu6xYupnZMbB,Medium
"12153521253",26,Pink Sweat$,bedroom soul; pop,https://open.spotify.com/artist/1W7FNibLa0O0b572tB2w7t,Medium
"12153521253",27,The Neighbourhood,modern alternative rock; modern rock; pop,https://open.spotify.com/artist/77SW9BnxLY8rJ0RciFqkHh,Medium
"12153521253",28,NIKI,indonesian r&b; pop,https://open.spotify.com/artist/2kxP07DLgs4xlWz8YHlvfh,Medium
"12153521253",29,Troye Sivan,australian pop; dance pop; electropop; pop; pop dance; post-teen pop; viral pop,https://open.spotify.com/artist/3WGpXCj9YhhfX11TToZcXP,Medium
"12153521253",30,Kanye West,chicago rap; rap,https://open.spotify.com/artist/5K4W6rqBFWDnAN6FQUkS6x,Medium
"12153521253",31,Ariana Grande,pop; post-teen pop,https://open.spotify.com/artist/66CXWjxzNUsdJxJ2JdwvnR,Medium
"12153521253",32,Matthew-Keane Q Wang,"",https://open.spotify.com/artist/0UEz6xrcjfraqk0XllMSk7,Medium
"12153521253",33,Morunas,classify,https://open.spotify.com/artist/36RxHbl3Duv6WNJjOGPhV4,Medium
"12153521253",34,Relaxing Instrumental Jazz Cafe,dinner jazz,https://open.spotify.com/artist/4IqOAu4AYS5sfBV2fix4HW,Medium
"12153521253",35,Maroon 5,pop; pop rock,https://open.spotify.com/artist/04gDigrS5kc9YWfZHwBETP,Medium
"12153521253",36,Ava Max,dance pop; pop,https://open.spotify.com/artist/4npEfmQ6YuiwW1GpUmaq3F,Medium
"12153521253",37,Lorde,art pop; dance pop; electropop; metropopolis; nz pop; pop; pop dance; post-teen pop,https://open.spotify.com/artist/163tK9Wjr9P9DmM0AVK7lm,Medium
"12153521253",38,Justin Bieber,canadian pop; pop; post-teen pop,https://open.spotify.com/artist/1uNFoZAHBGtllmzznpCI3s,Medium
"12153521253",39,Kendrick Lamar,conscious hip hop; hip hop; rap; west coast rap,https://open.spotify.com/artist/2YZyLoL8N0Wb9xBt1NhZWg,Medium
"12153521253",40,Jeremih,chicago rap; dance pop; hip hop; pop; pop rap; r&b; southern hip hop; trap; urban contemporary,https://open.spotify.com/artist/3KV3p5EY4AvKxOlhGHORLg,Medium
"12153521253",41,Rihanna,barbadian pop; dance pop; pop; pop dance; post-teen pop; r&b; urban contemporary,https://open.spotify.com/artist/5pKCCKE2ajJHZ9KAiaK11H,Medium
"12153521253",42,brillion.,lo-fi beats,https://open.spotify.com/artist/77aATgrzmuoRjmqxPcEIHU,Medium
"12153521253",43,Dreaming Hiker,"",https://open.spotify.com/artist/7ePtJVNSHr0ccHyh0M9ASI,Medium
"12153521253",44,mell-ø,lo-fi beats,https://open.spotify.com/artist/6bA2OonnJsG1tN9yClu2aC,Medium
"12153521253",45,Kupla,lo-fi beats,https://open.spotify.com/artist/7daSp9zXk1dmqNxwKFkL35,Medium
"12153521253",46,Fatb,lo-fi beats,https://open.spotify.com/artist/39c9r5tc96HMSEX9BbxE4T,Medium
"12153521253",47,Tate McRae,dance pop; electropop; pop; post-teen pop,https://open.spotify.com/artist/45dkTj5sMRSjrmBSBeiHym,Medium
"12153521253",48,Gentle Bones,chill r&b; indie cafe pop; singaporean pop,https://open.spotify.com/artist/4jGPdu95icCKVF31CcFKbS,Medium
"12153521253",49,BROCKHAMPTON,boy band; hip hop; rap; underground hip hop,https://open.spotify.com/artist/1Bl6wpkWCQ4KVgnASpvzzA,Medium
"12153521253",50,Hoogway,lo-fi beats,https://open.spotify.com/artist/1Mh9G47YfuaLdQs44voLrQ,Medium
"12120382831",1,Kanye West,chicago rap; rap,https://open.spotify.com/artist/5K4W6rqBFWDnAN6FQUkS6x,Long
"12120382831",2,Jay Chou,c-pop; mandopop; taiwan pop; zhongguo feng,https://open.spotify.com/artist/2elBjNSdBE2Y3f0j1mjrql,Long
"12120382831",3,Childish Gambino,atl hip hop; hip hop; pop rap; rap,https://open.spotify.com/artist/73sIBHcqh3Z3NyqHKZ7FOL,Long
"12120382831",4,The Weeknd,canadian contemporary r&b; canadian pop; pop,https://open.spotify.com/artist/1Xyo4u8uXC1ZmMpatF05PJ,Long
"12120382831",5,Young Thug,atl hip hop; atl trap; gangster rap; melodic rap; pop rap; rap; trap,https://open.spotify.com/artist/50co4Is1HCEo8bhOyUWKpn,Long
"12120382831",6,The Chainsmokers,dance pop; edm; electropop; pop; pop dance; tropical house,https://open.spotify.com/artist/69GGBxA162lTqCwzJG5jLp,Long
"12120382831",7,Drake,canadian hip hop; canadian pop; hip hop; pop rap; rap; toronto rap,https://open.spotify.com/artist/3TVXtAsR1Inumwj472S9r4,Long
"12120382831",8,ILLENIUM,edm; electropop; melodic dubstep; pop; pop dance; tropical house,https://open.spotify.com/artist/45eNHdiiabvmbp4erw26rg,Long
"12120382831",9,A$AP Rocky,east coast hip hop; hip hop; rap; southern hip hop; trap; underground hip hop,https://open.spotify.com/artist/13ubrt8QOOCPljQ2FL1Kca,Long
"12120382831",10,BROCKHAMPTON,boy band; hip hop; rap; underground hip hop,https://open.spotify.com/artist/1Bl6wpkWCQ4KVgnASpvzzA,Long
"12120382831",11,"Tyler, The Creator",hip hop; rap,https://open.spotify.com/artist/4V8LLVI7PbaPR0K2TGSxFF,Long
"12120382831",12,RADWIMPS,j-pop; j-poprock; j-rock; japanese emo; visual kei,https://open.spotify.com/artist/1EowJ1WwkMzkCkRomFhui7,Long
"12120382831",13,Kendrick Lamar,conscious hip hop; hip hop; rap; west coast rap,https://open.spotify.com/artist/2YZyLoL8N0Wb9xBt1NhZWg,Long
"12120382831",14,Vince Staples,conscious hip hop; escape room; hip hop; rap; underground hip hop,https://open.spotify.com/artist/68kEuyFKyqrdQQLLsmiatm,Long
"12120382831",15,Lana Del Rey,art pop; pop,https://open.spotify.com/artist/00FQb4jTyendYWaN8pK0wa,Long
"12120382831",16,ScHoolboy Q,gangster rap; hip hop; pop rap; rap; southern hip hop; trap; underground hip hop,https://open.spotify.com/artist/5IcR3N7QB1j6KBL8eImZ8m,Long
"12120382831",17,Calvin Harris,dance pop; edm; electro house; house; pop; pop dance; progressive house; uk dance,https://open.spotify.com/artist/7CajNmpbOovFoOoasH2HaY,Long
"12120382831",18,Kygo,edm; pop; pop dance; tropical house,https://open.spotify.com/artist/23fqKkggKUBHNkbKtXEls4,Long
"12120382831",19,Frank Ocean,alternative r&b; hip hop; lgbtq+ hip hop; neo soul; pop,https://open.spotify.com/artist/2h93pZq0e7k5yf4dywlkpM,Long
"12120382831",20,Joji,alternative r&b; viral pop,https://open.spotify.com/artist/3MZsBdqDrRTJihTHQrO6Dq,Long
"12120382831",21,Eminem,detroit hip hop; hip hop; rap,https://open.spotify.com/artist/7dGJo4pcD2V6oG8kP0tJRR,Long
"12120382831",22,Anderson .Paak,escape room,https://open.spotify.com/artist/3jK9MiCrA42lLAdMGUZpwa,Long
"12120382831",23,Travis Scott,rap,https://open.spotify.com/artist/0Y5tJX1MQlPlqiwlOH1tJY,Long
"12120382831",24,Kid Cudi,ohio hip hop; pop rap; rap,https://open.spotify.com/artist/0fA0VVWsXO9YnASrzqfmYu,Long
"12120382831",25,Rae Sremmurd,hip hop; melodic rap; mississippi hip hop; pop rap; rap; southern hip hop; trap,https://open.spotify.com/artist/7iZtZyCzp3LItcw1wtPI3D,Long
"12120382831",26,J. Cole,conscious hip hop; hip hop; north carolina hip hop; rap,https://open.spotify.com/artist/6l3HvQ5sa6mXTsMTB19rO5,Long
"12120382831",27,Avicii,big room; dance pop; edm; pop; pop dance,https://open.spotify.com/artist/1vCWHaC5f2uS3yhpwWbIA6,Long
"12120382831",28,Migos,atl hip hop; hip hop; pop rap; rap; trap,https://open.spotify.com/artist/6oMuImdp5ZcFhWP0ESe6mG,Long
"12120382831",29,Cigarettes After Sex,ambient pop; dream pop; el paso indie; shoegaze,https://open.spotify.com/artist/1QAJqy2dA3ihHBFIHRphZj,Long
"12120382831",30,Lil Uzi Vert,melodic rap; philly rap; rap; trap,https://open.spotify.com/artist/4O15NlyKLIASxsJ0PrXPfz,Long
"12120382831",31,The 1975,modern alternative rock; modern rock; nu gaze; pop; rock,https://open.spotify.com/artist/3mIj9lX2MWuHmhNCA7LSCW,Long
"12120382831",32,$uicideBoy$,dark trap; new orleans rap; underground hip hop,https://open.spotify.com/artist/1VPmR4DJC1PlOtd0IADAO0,Long
"12120382831",33,Gryffin,dance pop; edm; pop; pop dance; tropical house,https://open.spotify.com/artist/2ZRQcIgzPCVaT9XKhXZIzh,Long
"12120382831",34,Danny Brown,alternative hip hop; detroit hip hop; escape room; hip hop; rap; underground hip hop,https://open.spotify.com/artist/7aA592KWirLsnfb5ulGWvU,Long
"12120382831",35,Outkast,atl hip hop; dirty south rap; hip hop; rap; southern hip hop,https://open.spotify.com/artist/1G9G7WwrXka3Z1r7aIDjI7,Long
"12120382831",36,Denzel Curry,dark trap; drill; hip hop; miami hip hop; rap; trap; underground hip hop,https://open.spotify.com/artist/6fxyWrfmjcbj5d12gXeiNV,Long
"12120382831",37,Future,atl hip hop; pop rap; rap; southern hip hop; trap,https://open.spotify.com/artist/1RyvyyTE3xzB2ZywiAwp0i,Long
"12120382831",38,Oh Wonder,electropop; indie pop; indie poptimism; pop,https://open.spotify.com/artist/5cIc3SBFuBLVxJz58W2tU9,Long
"12120382831",39,Run The Jewels,hip hop; political hip hop,https://open.spotify.com/artist/4RnBFZRiMLRyZy0AzzTg2C,Long
"12120382831",40,Kensuke Ushio,anime score; japanese soundtrack; otacore,https://open.spotify.com/artist/4L0gz16xuM1as1OgYzh1SR,Long
"12120382831",41,"21 Savage",atl hip hop; rap; trap,https://open.spotify.com/artist/1URnnhqYAYcrqrcwql10ft,Long
"12120382831",42,Daniel Caesar,canadian contemporary r&b; pop,https://open.spotify.com/artist/20wkVLutqVOYrc0kxFs7rA,Long
"12120382831",43,Kaskade,big room; chicago house; edm; electro house; house; pop; pop dance; progressive house; tropical house; vocal house,https://open.spotify.com/artist/6TQj5BFPooTa08A7pk8AQ1,Long
"12120382831",44,Nujabes,chillhop; downtempo; japanese chillhop; jazz rap,https://open.spotify.com/artist/3Rq3YOF9YG9YfCWD4D56RZ,Long
"12120382831",45,Porter Robinson,big room; brostep; complextro; edm; electro house; moombahton; progressive electro house,https://open.spotify.com/artist/3dz0NnIZhtKKeXZxLOxCam,Long
"12120382831",46,XXXTENTACION,emo rap; miami hip hop,https://open.spotify.com/artist/15UsOTVnJzReFVN1VCnxy4,Long
"12120382831",47,Pusha T,gangster rap; hip hop; pop rap; rap; southern hip hop; trap; underground hip hop; virginia hip hop,https://open.spotify.com/artist/0ONHkAv9pCAFxb0zJwDNTy,Long
"12120382831",48,ODESZA,chillwave; ninja,https://open.spotify.com/artist/21mKp7DqtSNHhCAU2ugvUw,Long
"12120382831",49,Mura Masa,channel islands indie; edm; vapor soul,https://open.spotify.com/artist/5Q81rlcTFh3k6DQJXPdsot,Long
"12120382831",50,A$AP Ferg,hip hop; pop rap; rap; southern hip hop; trap; underground hip hop,https://open.spotify.com/artist/5dHt1vcEm9qb8fCyLcB3HL,Long
"12153521253",1,Sungha Jung,acoustic guitar cover; fingerstyle; viral pop,https://open.spotify.com/artist/3OpWOvjJnk86geCHrAxkHA,Long
"12153521253",2,Ed Sheeran,pop; uk pop,https://open.spotify.com/artist/6eUKZXaKkcviH0Ku9w2n3V,Long
"12153521253",3,Maroon 5,pop; pop rock,https://open.spotify.com/artist/04gDigrS5kc9YWfZHwBETP,Long
"12153521253",4,Joey Pecoraro,chillhop; lo-fi beats,https://open.spotify.com/artist/44insiIQApkRaCMIbuaISJ,Long
"12153521253",5,Shawn Mendes,canadian pop; dance pop; pop; post-teen pop; viral pop,https://open.spotify.com/artist/7n2wHs1TKAczGzO7Dd2rGr,Long
"12153521253",6,Kanye West,chicago rap; rap,https://open.spotify.com/artist/5K4W6rqBFWDnAN6FQUkS6x,Long
"12153521253",7,The Script,celtic rock; dance pop; neo mellow; pop; pop rock; post-teen pop; viral pop,https://open.spotify.com/artist/3AQRLZ9PuTAozP28Skbq8V,Long
"12153521253",8,Kendrick Lamar,conscious hip hop; hip hop; rap; west coast rap,https://open.spotify.com/artist/2YZyLoL8N0Wb9xBt1NhZWg,Long
"12153521253",9,Frank Ocean,alternative r&b; hip hop; lgbtq+ hip hop; neo soul; pop,https://open.spotify.com/artist/2h93pZq0e7k5yf4dywlkpM,Long
"12153521253",10,Daniel Caesar,canadian contemporary r&b; pop,https://open.spotify.com/artist/20wkVLutqVOYrc0kxFs7rA,Long
"12153521253",11,Gentle Bones,chill r&b; indie cafe pop; singaporean pop,https://open.spotify.com/artist/4jGPdu95icCKVF31CcFKbS,Long
"12153521253",12,Drake,canadian hip hop; canadian pop; hip hop; pop rap; rap; toronto rap,https://open.spotify.com/artist/3TVXtAsR1Inumwj472S9r4,Long
"12153521253",13,Rihanna,barbadian pop; dance pop; pop; pop dance; post-teen pop; r&b; urban contemporary,https://open.spotify.com/artist/5pKCCKE2ajJHZ9KAiaK11H,Long
"12153521253",14,BROCKHAMPTON,boy band; hip hop; rap; underground hip hop,https://open.spotify.com/artist/1Bl6wpkWCQ4KVgnASpvzzA,Long
"12153521253",15,Troye Sivan,australian pop; dance pop; electropop; pop; pop dance; post-teen pop; viral pop,https://open.spotify.com/artist/3WGpXCj9YhhfX11TToZcXP,Long
"12153521253",16,Lauv,electropop; pop; post-teen pop,https://open.spotify.com/artist/5JZ7CnR6gTvEMKX4g70Amv,Long
"12153521253",17,Billie Eilish,electropop; pop,https://open.spotify.com/artist/6qqNVTkY8uBg9cP3Jd7DAH,Long
"12153521253",18,LANY,la pop; pop,https://open.spotify.com/artist/49tQo2QULno7gxHutgccqF,Long
"12153521253",19,The 1975,modern alternative rock; modern rock; nu gaze; pop; rock,https://open.spotify.com/artist/3mIj9lX2MWuHmhNCA7LSCW,Long
"12153521253",20,Chance the Rapper,chicago rap; conscious hip hop; hip hop; pop rap; rap,https://open.spotify.com/artist/1anyVhU62p31KFi8MEzkbf,Long
"12153521253",21,Jeremih,chicago rap; dance pop; hip hop; pop; pop rap; r&b; southern hip hop; trap; urban contemporary,https://open.spotify.com/artist/3KV3p5EY4AvKxOlhGHORLg,Long
"12153521253",22,Justin Bieber,canadian pop; pop; post-teen pop,https://open.spotify.com/artist/1uNFoZAHBGtllmzznpCI3s,Long
"12153521253",23,Cigarettes After Sex,ambient pop; dream pop; el paso indie; shoegaze,https://open.spotify.com/artist/1QAJqy2dA3ihHBFIHRphZj,Long
"12153521253",24,One Direction,boy band; pop; post-teen pop; talent show,https://open.spotify.com/artist/4AK6F7OLvEQ5QYCBNiQWHq,Long
