"user_id","rank","track","artists","album","release_date","track_url","timeframe"
"12120382831",1,安靜,Jay Chou,范特西,"2001-09-14",https://open.spotify.com/track/4FOydQ5IdqmdeBgG9vFbPg,Short
"12120382831",2,With You (Jai Wolf Remix),Dirty South; FMLYBND,With You (The Remixes),"2015-04-28",https://open.spotify.com/track/5H2cgEPEJxA72Bqb4cLvrj,Short
"12120382831",1,安靜,Jay Chou,范特西,"2001-09-14",https://open.spotify.com/track/4FOydQ5IdqmdeBgG9vFbPg,Medium
"12120382831",2,With Me,Sum 41,Underclass Hero,"2007-01-01",https://open.spotify.com/track/1OTvWduKQV0MQd2gnGM9He,Medium
"12120382831",3,Wake Me up When September Ends,Green Day,American Idiot,"2004-09-21",https://open.spotify.com/track/3ZffCQKLFLUvYM59XKLbVm,Medium
"12120382831",4,Welcome to the Black Parade,My Chemical Romance,The Black Parade,"2006-10-23",https://open.spotify.com/track/5wQnmLuC1W7ATsArWACrgW,Medium
"12120382831",5,珊瑚海,Jay Chou; Lara Liang,"11月的蕭邦","2005-11-01",https://open.spotify.com/track/4JY5s40ymnG18f6wxQtzPw,Medium
"12120382831",6,Fix You,Coldplay,X&Y,"2005-06-07",https://open.spotify.com/track/7LVHVU3tWfcxj5aiPFEW4Q,Medium
"12120382831",7,Always,blink-182,Greatest Hits,"2005-10-31",https://open.spotify.com/track/4B7e9sBkcw1iWJ45GaUQWm,Medium
"12120382831",8,The Reason,Hoobastank,The Reason (15th Anniversary Deluxe),"2003-12-09",https://open.spotify.com/track/77loZpT5Y5PRP1S451P9Yz,Medium
"12120382831",9,明明就,Jay Chou,十二新作,"2012-12-28",https://open.spotify.com/track/04x6DpeFQ72efXsD0DmWPQ,Medium
"12120382831",10,How to Save a Life,The Fray,How To Save A Life,"2005-09-13",https://open.spotify.com/track/5fVZC9GiM4e8vu99W0Xf6J,Medium
"12120382831",11,I Miss You,blink-182,blink-182,"2003-11-01",https://open.spotify.com/track/1AdYZ6X00nXmO613Y7GJOl,Medium
"12120382831",12,算什麼男人,Jay Chou,哎呦 不錯哦,"2014-12-26",https://open.spotify.com/track/7vs3JM90lKhp11av83WA5j,Medium
"12120382831",13,I Don't Love You,My Chemical Romance,The Black Parade,"2006-10-23",https://open.spotify.com/track/4RAOI1etsgbh5NP3T5R8rN,Medium
"12120382831",14,Your Call,Secondhand Serenade,Awake,"2007",https://open.spotify.com/track/7ddJJFmXZ3984IbVEKinp5,Medium
"12120382831",15,Mr. Brightside,The Killers,Hot Fuss,"2004",https://open.spotify.com/track/003vvx7Niy0yvhvHt4a68B,Medium
"12120382831",16,退後,Jay Chou,依然范特西,"2006-09-05",https://open.spotify.com/track/1xYPMWVdl2yqOkQpjWPVbU,Medium
"12120382831",17,等你下課,Jay Chou; Gary Yang,等你下課,"2018-01-18",https://open.spotify.com/track/76WthWB0v0KXUHZoAclMVV,Medium
"12120382831",18,給我一首歌的時間,Jay Chou,魔杰座,"2008-11-09",https://open.spotify.com/track/1KlVJebZrrMSMxcEKOV5w5,Medium
"12120382831",19,告白氣球,Jay Chou,周杰倫的床邊故事,"2016-06-24",https://open.spotify.com/track/1ivCIgrYZyE0BvItL4Z8lk,Medium
"12120382831",20,Viva La Vida,Coldplay,Viva La Vida or Death and All His Friends,"2008-05-26",https://open.spotify.com/track/1mea3bSkSGXuIRvnydlB5b,Medium
"12120382831",21,青花瓷,Jay Chou,我很忙,"2008-03-10",https://open.spotify.com/track/479lquEL4Mzh3tQLtnHVfL,Medium
"12120382831",22,The Anthem,Good Charlotte,The Young and The Hopeless,"2002-10-04",https://open.spotify.com/track/0BRHnOFm6sjxN1i9LJrUDu,Medium
"12120382831",23,All The Small Things,blink-182,Enema Of The State,"1999-06-01",https://open.spotify.com/track/2m1hi0nfMR9vdGC8UcrnwU,Medium
"12120382831",24,彩虹,Jay Chou,我很忙,"2008-03-10",https://open.spotify.com/track/4KJx4IOvCU2isprmXio9Xk,Medium
"12120382831",25,Walking Disaster,Sum 41,Underclass Hero,"2007-01-01",https://open.spotify.com/track/7xuhVUJmBpHR276Yc7AsgW,Medium
"12120382831",26,Ocean Avenue,Yellowcard,Ocean Avenue,"2003-01-01",https://open.spotify.com/track/23oxJmDc1V9uLUSmN2LIvx,Medium
"12120382831",27,DARE,Gorillaz,Demon Days,"2005-05-23",https://open.spotify.com/track/4Hff1IjRbLGeLgFgxvHflk,Medium
"12120382831",28,千里之外,Jay Chou,依然范特西,"2006-09-05",https://open.spotify.com/track/02K5L2D21TVIINipDIPEfA,Medium
"12120382831",29,晴天,Jay Chou,葉惠美,"2003-07-31",https://open.spotify.com/track/0F02KChKwbcQ3tk4q1YxLH,Medium
"12120382831",30,Stay Together For The Kids,blink-182,Greatest Hits,"2005-10-31",https://open.spotify.com/track/5yRkOJ2PnUgAPlOf3FTOs2,Medium
"12120382831",31,First Date,blink-182,Take Off Your Pants And Jacket,"2001",https://open.spotify.com/track/1fJFuvU2ldmeAm5nFIHcPP,Medium
"12120382831",32,說好不哭,Jay Chou; 阿信,說好不哭,"2019-09-16",https://open.spotify.com/track/56wVfJKtnwlSZtC4NVgIrf,Medium
"12120382831",33,Teenagers,My Chemical Romance,The Black Parade,"2006-10-23",https://open.spotify.com/track/7j31rVgGX9Q2blT92VBEA0,Medium
"12120382831",34,開不了口,Jay Chou,范特西,"2001-09-14",https://open.spotify.com/track/0JB2nnrP35zVYnQcYpAnCb,Medium
"12120382831",35,After Midnight,blink-182,Neighborhoods (Deluxe Explicit Version),"2011-01-01",https://open.spotify.com/track/29bWDkf8qtCmsvDWOW55CJ,Medium
"12120382831",36,浪漫手機,Jay Chou,"11月的蕭邦","2005-11-01",https://open.spotify.com/track/4ofmSKnAYj295dE0klRGQx,Medium
"12120382831",37,Only One,Yellowcard,Ocean Avenue,"2003-01-01",https://open.spotify.com/track/0gZp88SA5OcujHLDGkxtI3,Medium
"12120382831",38,High School Never Ends - Main Version - Explicit,Bowling For Soup,The Great Burrito Extortion Case,"2006",https://open.spotify.com/track/1bhjMY5O0ZjB41OHcdRH0a,Medium
"12120382831",39,不能說的秘密,Jay Chou,不能說的‧秘密,"2007-08-10",https://open.spotify.com/track/5mktG3zst5SVxAiVHY4j6C,Medium
"12120382831",40,小幸運,Hebe Tien,小幸運,"2015-07-10",https://open.spotify.com/track/1ZeVIrCWzEmsJexkrgvjFv,Medium
"12120382831",41,Chasing Cars,Snow Patrol,Eyes Open,"2006-01-01",https://open.spotify.com/track/11bD1JtSjlIgKgZG2134DZ,Medium
"12120382831",42,髮如雪,Jay Chou,"11月的蕭邦","2005-11-01",https://open.spotify.com/track/1jEAOrekJF0h2Rvf6mpCLd,Medium
"12120382831",43,七里香,Jay Chou,七里香,"2004-08-03",https://open.spotify.com/track/3kwqNLXvsjSrIXbVsRBj8q,Medium
"12120382831",44,Fat Lip,Sum 41,"All Killer, No Filler","2001-01-01",https://open.spotify.com/track/4KacUpvbA3Mfo05gttTjhN,Medium
"12120382831",45,一路向北,Jay Chou,"11月的蕭邦","2005-11-01",https://open.spotify.com/track/31RIphTQ9y4zStkH5xRWgW,Medium
"12120382831",46,聽見下雨的聲音,Jay Chou,哎呦 不錯哦,"2014-12-26",https://open.spotify.com/track/0nt1LAZjaTjrf30S8hdRDU,Medium
"12120382831",3,Saw You in a Dream,The Japanese House,Saw You in a Dream,"2017-06-30",https://open.spotify.com/track/7dujOm8FJcepmVBQjqdswN,Short
"12120382831",4,Nikes,Frank Ocean,Blonde,"2016-08-20",https://open.spotify.com/track/19YKaevk2bce4odJkP5L22,Short
"12120382831",5,算什麼男人,Jay Chou,哎呦 不錯哦,"2014-12-26",https://open.spotify.com/track/7vs3JM90lKhp11av83WA5j,Short
"12120382831",6,千里之外,Jay Chou,依然范特西,"2006-09-05",https://open.spotify.com/track/02K5L2D21TVIINipDIPEfA,Short
"12120382831",7,明明就,Jay Chou,十二新作,"2012-12-28",https://open.spotify.com/track/04x6DpeFQ72efXsD0DmWPQ,Short
"12120382831",8,How to Disappear Completely,Radiohead,Kid A,"2000-10-02",https://open.spotify.com/track/2rtGaCAeYtmcIvuZsvgTf6,Short
"12120382831",9,七里香,Jay Chou,七里香,"2004-08-03",https://open.spotify.com/track/3kwqNLXvsjSrIXbVsRBj8q,Short
"12120382831",10,Disarm You (feat. Ilsey),Kaskade; Ilsey,Automatic,"2015-09-25",https://open.spotify.com/track/3xQjivjUZ4KnUslduTEYKC,Short
"12120382831",11,青花瓷,Jay Chou,我很忙,"2008-03-10",https://open.spotify.com/track/479lquEL4Mzh3tQLtnHVfL,Short
"12120382831",12,Harvest Moon,Handsome Ghost,Harvest Moon,"2018-01-05",https://open.spotify.com/track/4C9rhLT37Gv6VMVtFCb7O1,Short
"12120382831",13,彩虹,Jay Chou,我很忙,"2008-03-10",https://open.spotify.com/track/4KJx4IOvCU2isprmXio9Xk,Short
"12120382831",14,黑色毛衣,Jay Chou,"11月的蕭邦","2005-11-01",https://open.spotify.com/track/4MNuUPVgAALVneM0kughvi,Short
"12120382831",15,Fall for You (Acoustic),Secondhand Serenade,A Naked Twist in My Story,"2012",https://open.spotify.com/track/5V7mTIcXVU9k2JNu0mE6vy,Short
"12120382831",16,In Flames,Dabin; Lexi Norton,Pyres,"2018-03-30",https://open.spotify.com/track/5W8DSMQe7cbTtKTHY0yEnP,Short
"12120382831",17,Cold Water (feat. Justin Bieber & MØ),Major Lazer; Justin Bieber; MØ,Cold Water (feat. Justin Bieber & MØ),"2016-07-22",https://open.spotify.com/track/5x9uAWpQ0qj8V61xckw6TV,Short
"12120382831",18,"Tears in Heaven - Acoustic; Live at MTV Unplugged, Bray Film Studios, Windsor, England, UK, 1/16/1992; 2013 Remaster",Eric Clapton,Unplugged (Deluxe Edition),"1992-08-25",https://open.spotify.com/track/612VcBshQcy4mpB2utGc3H,Short
"12120382831",19,最長的電影,Jay Chou,我很忙,"2008-03-10",https://open.spotify.com/track/6C9w3NKP7yKqGLBP09iEL4,Short
"12120382831",20,Everybody Hurts,R.E.M.,Automatic For The People,"1992-10-05",https://open.spotify.com/track/6PypGyiu0Y2lCDBN1XZEnP,Short
"12120382831",21,Sweet,Cigarettes After Sex,Cigarettes After Sex,"2017-06-09",https://open.spotify.com/track/6ilc4vQcwMPlvAHFfsTGng,Short
"12120382831",22,Same Drugs,Chance the Rapper,Coloring Book,"2016-05-27",https://open.spotify.com/track/6m9qPYXmhge2QhBLfFKnVF,Short
"12120382831",23,Middle,DJ Snake; Bipolar Sunshine,Encore,"2016-08-05",https://open.spotify.com/track/0g5EKLgdKvNlln7TNqBByK,Short
"12120382831",24,Collard Greens,ScHoolboy Q; Kendrick Lamar,Oxymoron (Deluxe),"2014-01-01",https://open.spotify.com/track/0zO8ctW0UiuOefR87OeJOZ,Short
"12120382831",25,Ghost Town,Kanye West; PARTYNEXTDOOR,ye,"2018-06-01",https://open.spotify.com/track/7vgTNTaEz3CsBZ1N4YQalM,Short
"12120382831",26,退後,Jay Chou,依然范特西,"2006-09-05",https://open.spotify.com/track/1xYPMWVdl2yqOkQpjWPVbU,Short
"12120382831",27,Come Down,Anderson .Paak,Malibu,"2016-01-15",https://open.spotify.com/track/276zciJ7Fg7Jk6Ta6QuLkp,Short
"12120382831",28,Why'd You Only Call Me When You're High?,Arctic Monkeys,AM,"2013-09-09",https://open.spotify.com/track/086myS9r57YsLbJpU0TgK9,Short
"12120382831",29,Cancer,My Chemical Romance,The Black Parade,"2006-10-23",https://open.spotify.com/track/0GgN4MhR5GKn5IcKN0e0rG,Short
"12120382831",30,開不了口,Jay Chou,范特西,"2001-09-14",https://open.spotify.com/track/0JB2nnrP35zVYnQcYpAnCb,Short
"12120382831",31,Blessed,Daniel Caesar,Freudian,"2017-08-25",https://open.spotify.com/track/0KyzXQhY2yzcb1FYCHkZc2,Short
"12120382831",32,Let Your Heart Hold Fast,Fort Atlantic,Fort Atlantic,"2012-05-29",https://open.spotify.com/track/0poxIvI8mH3TZcGp4T7BWs,Short
"12120382831",33,Headlights (feat. Ilsey),Robin Schulz; Ilsey,Sugar,"2015-09-25",https://open.spotify.com/track/0tDC3KJPPu5eonGTtCURpq,Short
"12120382831",34,Overthinking,Acid Ghost,I Want to Hide My Face & Die,"2015-11-26",https://open.spotify.com/track/0w2kfnU1PFKxjmZFQ1J1X8,Short
"12120382831",35,Until You Were Gone,The Chainsmokers; Tritonal; Emily Warren,Until You Were Gone,"2015-09-18",https://open.spotify.com/track/12MqM3S0fTvR6X4Jt1Xvn6,Short
"12120382831",36,Don't Let Me Down (feat. Daya) - Illenium Remix,The Chainsmokers; Daya; ILLENIUM,Don't Let Me Down (Remixes) (feat. Daya),"2016-05-27",https://open.spotify.com/track/15BlympuVSfZFROojEMY2M,Short
"12120382831",37,I Miss You,blink-182,blink-182,"2003-11-01",https://open.spotify.com/track/1AdYZ6X00nXmO613Y7GJOl,Short
"12120382831",38,給我一首歌的時間,Jay Chou,魔杰座,"2008-11-09",https://open.spotify.com/track/1KlVJebZrrMSMxcEKOV5w5,Short
"12120382831",39,Sleepy Eyes,Elohim; Whethan,Elohim (Deluxe Edition),"2019-04-26",https://open.spotify.com/track/1Wvzo4EotLEh4W3OVcQoDO,Short
"12120382831",40,Japanese Denim,Daniel Caesar,Get You - Single,"2016-10-21",https://open.spotify.com/track/1boXOL0ua7N2iCOUVI1p9F,Short
"12120382831",41,Spectrum,Zedd; Matthew Koma,Clarity,"2012-01-01",https://open.spotify.com/track/1dFkD1JfRMzwO6hwUsE8aS,Short
"12120382831",42,Fantasy - Felix Jaehn Remix,Alina Baraz; Galimatias; Felix Jaehn,Ultra Summer 2 (The Best In Deep and Tropical House),"2015-06-29",https://open.spotify.com/track/203t5YqpCFmIdxj8hIotxo,Short
"12120382831",43,Miami 82 - Kygo Remix,Syn Cole; Kygo,"Armada Deep House Selection, Vol. 3 (The Finest Deep House Tunes)","2014-06-06",https://open.spotify.com/track/2DFT4mdft2yUPs7rX6coSd,Short
"12120382831",44,Good To Sea,Pinback,Autumn of the Seraphs,"2007-09-11",https://open.spotify.com/track/2EH1ZVZx2wPGtQb5V2hNih,Short
"12120382831",45,Don't Don't Do It!,N.E.R.D; Kendrick Lamar; Pharrell Williams,NO ONE EVER REALLY DIES,"2017-12-15",https://open.spotify.com/track/2svutFGaCycRmYc1mWbfQh,Short
"12120382831",46,Horizon,Seven Lions; Tritonal; Kill The Noise; HALIENE,Horizon,"2018-05-18",https://open.spotify.com/track/3F1TIgyzrfdU4dF8c4C75U,Short
"12120382831",47,Mad World (Feat. Michael Andrews),Gary Jules; Michael Andrews,Trading Snakeoil for Wolftickets,"2001-01-01",https://open.spotify.com/track/3JOVTQ5h8HGFnDdp4VT3MP,Short
"12120382831",48,Love$ick (feat. A$AP Rocky),Mura Masa; A$AP Rocky,Mura Masa,"2017-07-14",https://open.spotify.com/track/3sTN90bIP2cJ1783ctHykO,Short
"12120382831",49,Beautiful Trip,Kid Cudi,Man On The Moon III: The Chosen,"2020-12-11",https://open.spotify.com/track/4IIuCotvqijraSdnVLaFnM,Short
"12153521253",15,Tattoos Together,Lauv,~how i'm feeling~,"2020-03-06",https://open.spotify.com/track/1Srt81FTalOhRw7t7l8Yh8,Medium
"12153521253",16,Holy (feat. Chance The Rapper),Justin Bieber; Chance the Rapper,Holy,"2020-09-18",https://open.spotify.com/track/5u1n1kITHCxxp8twBcZxWy,Medium
"12153521253",17,Sims - Miquela Remix,Lauv; Miquela,~how i'm feeling~ (the extras),"2019-12-20",https://open.spotify.com/track/1uxP6Vw86pAvlnuLUSWLll,Medium
"12153521253",18,Who (feat. BTS),Lauv; BTS,~how i'm feeling~,"2020-03-06",https://open.spotify.com/track/2qG81jL9UIP54uS8gYyP4k,Medium
"12153521253",19,Sweet & Sour (feat. Lauv & Tyga),Jawsh 685; Lauv; Tyga,Sweet & Sour (feat. Lauv & Tyga),"2020-09-04",https://open.spotify.com/track/3ZWhRS2EJVL5B0IEzkcvZa,Medium
"12153521253",20,Canada (feat. Alessia Cara),Lauv; Alessia Cara,~how i'm feeling~,"2020-03-06",https://open.spotify.com/track/6Rf3dWdNQs5LTqFOiavqQr,Medium
"12153521253",21,I Like Me Better - Recorded at Spotify Studios NYC,Lauv,Spotify Singles,"2017-07-19",https://open.spotify.com/track/2uQNcZYa0SEbfW4cj0d9OS,Medium
"12153521253",22,Easy Love,Lauv,I met you when I was 18. (the playlist),"2018-05-31",https://open.spotify.com/track/732Sqj2piYPhdMPENP4axz,Medium
"12153521253",23,Getting Over You,Lauv,I met you when I was 18. (the playlist),"2018-05-31",https://open.spotify.com/track/4G4gtvlaFaI6v6wWD8UvqL,Medium
"12153521253",24,Feelings,Lauv,~how i'm feeling~,"2020-03-06",https://open.spotify.com/track/0s26En1JoJhVj32vizElpA,Medium
"12153521253",25,i'm so tired...,Lauv; Troye Sivan,~how i'm feeling~,"2020-03-06",https://open.spotify.com/track/4vjpLMyL3ZO6aphdYr8XYw,Medium
"12153521253",26,For Now,Lauv,~how i'm feeling~,"2020-03-06",https://open.spotify.com/track/0PxJmAlyKcRdd1r9FvDbTn,Medium
"12153521253",27,Tell My Mama,Lauv,~how i'm feeling~,"2020-03-06",https://open.spotify.com/track/1CJvFjaXKz2yuQWzICeIRo,Medium
"12153521253",28,Chasing Fire,Lauv,I met you when I was 18. (the playlist),"2018-05-31",https://open.spotify.com/track/2zXRAZvUb2B5PzJGwCtFe0,Medium
"12153521253",29,Breathe,Lauv,I met you when I was 18. (the playlist),"2018-05-31",https://open.spotify.com/track/373q2bp4ZvyJ9kFZcpJSMs,Medium
"12153521253",30,Robbers,The 1975,The 1975,"2013-01-01",https://open.spotify.com/track/73jVPicY2G9YHmzgjk69ae,Medium
"12153521253",31,Come Back Home,Lauv,I met you when I was 18. (the playlist),"2018-05-31",https://open.spotify.com/track/6Dno7FrbG6vnTm9KfjFwf6,Medium
"12120382831",50,珊瑚海,Jay Chou; Lara Liang,"11月的蕭邦","2005-11-01",https://open.spotify.com/track/4JY5s40ymnG18f6wxQtzPw,Short
"12120382831",47,The Man Who Can't Be Moved,The Script,The Script,"2008-07-14",https://open.spotify.com/track/3nqqDo8CcCLke3ZoTgiOKf,Medium
"12120382831",48,菊花台,Jay Chou,依然范特西,"2006-09-05",https://open.spotify.com/track/4sLlPACKA3OTNcJryGgWKR,Medium
"12120382831",49,說好的幸福呢,Jay Chou,魔杰座,"2008-11-09",https://open.spotify.com/track/6W2tmkeuHKaedHhdTPnyVs,Medium
"12120382831",50,Adam's Song,blink-182,Greatest Hits,"2005-10-31",https://open.spotify.com/track/0LQwVfQUBrWuTX19hzSJwC,Medium
"12180399177",1,I'll Be Your Mirror,The Velvet Underground; Nico,The Velvet Underground & Nico 45th Anniversary,,https://open.spotify.com/track/4PINSJIlBWsnVeveicq1S8,Short
"12180399177",2,SELF-CONTROL,Babybluebenzo,SELF-CONTROL,,https://open.spotify.com/track/09QUc4xWVIlnsbUyVq3lZD,Short
"12180399177",3,Welcome To The Party,Pop Smoke,Meet The Woo,,https://open.spotify.com/track/0fIffclhgJC5h8AdMMVvkp,Short
"12180399177",4,Florida Kilos,Lana Del Rey,Ultraviolence (Deluxe),,https://open.spotify.com/track/0iQPnK3bi7O27c5T2HBTdr,Short
"12180399177",5,Sad Girl,Lana Del Rey,Ultraviolence (Deluxe),,https://open.spotify.com/track/11MyiSGZSYSmhhqwGUTtAq,Short
"12180399177",6,i dont wanna go outside today,Nohidea,home movies,,https://open.spotify.com/track/3RdObPr3outz4eKgBX3NoW,Short
"12180399177",7,Love/Paranoia,Tame Impala,Currents,,https://open.spotify.com/track/5h9hkYIBWTZYFRmF6Iz1gt,Short
"12180399177",8,Prisoner (feat. Dua Lipa),Miley Cyrus; Dua Lipa,Plastic Hearts,,https://open.spotify.com/track/2Oycxb8QbPkpHTo8ZrmG0B,Short
"12180399177",9,Silver,Caribou,Our Love,,https://open.spotify.com/track/6aIJ5Tc5BtiPSQc6Ago1Y6,Short
"12180399177",10,¡aquí yo mando!,Kali Uchis; Rico Nasty,Sin Miedo (del Amor y Otros Demonios) ∞,,https://open.spotify.com/track/05ufCucv6Z1oLMWeS8XapR,Short
"12180399177",11,//aguardiente y limón %ᵕ‿‿ᵕ%,Kali Uchis,Sin Miedo (del Amor y Otros Demonios) ∞,,https://open.spotify.com/track/0Ui4S8sgBCXv4Ao1HhTTun,Short
"12180399177",12,Zombie (Live from the NIVA Save Our Stages Festival),Miley Cyrus,Plastic Hearts,,https://open.spotify.com/track/0olaaJrCBTMJJvqPdvNpsx,Short
"12180399177",13,Pale Blue Eyes,The Velvet Underground,The Velvet Underground (45th Anniversary),,https://open.spotify.com/track/11VwZwNF29HrqwalYUMitb,Short
"12180399177",14,The Other Woman,Lana Del Rey,Ultraviolence (Deluxe),,https://open.spotify.com/track/1KuVEZR4xuQVNr1KkanAV4,Short
"12180399177",15,Brooklyn Baby,Lana Del Rey,Ultraviolence (Deluxe),,https://open.spotify.com/track/1NZs6n6hl8UuMaX0UC0YTz,Short
"12180399177",16,Us and Them,Pink Floyd,The Dark Side of the Moon,,https://open.spotify.com/track/1TKTiKp3zbNgrBH2IwSwIx,Short
"12180399177",17,quiero sentirme bien,Kali Uchis,Sin Miedo (del Amor y Otros Demonios) ∞,,https://open.spotify.com/track/1xP2jdihnPfoqPNVHHhKnm,Short
"12180399177",18,Bodies,Claudia Tan; Irwinandfire,Bodies,,https://open.spotify.com/track/24ZhIGmqatQWhIDBhoLq2a,Short
"12180399177",19,fue mejor,Kali Uchis; PARTYNEXTDOOR,Sin Miedo (del Amor y Otros Demonios) ∞,,https://open.spotify.com/track/2I9t0e3gLAKOi5syoHxP46,Short
"12180399177",20,I Don't Want to Talk About It - 2008 Remaster,Rod Stewart,Atlantic Crossing,,https://open.spotify.com/track/2JWKzkQbYsNzx019WyGzaH,Short
"12180399177",21,Fly Me To The Moon - Remastered,Frank Sinatra; Count Basie,Ultimate Sinatra,,https://open.spotify.com/track/2dR5WkrpwylTuT3jRWNufa,Short
"12180399177",22,la luna enamorada,Kali Uchis,Sin Miedo (del Amor y Otros Demonios) ∞,,https://open.spotify.com/track/2nDLZMuPMvHzNtUY2e7nV3,Short
"12180399177",23,que te pedí//,Kali Uchis,Sin Miedo (del Amor y Otros Demonios) ∞,,https://open.spotify.com/track/2qS9IaT9KBShx2xn1CqYMC,Short
"12180399177",24,Losing My Religion,R.E.M.,Out Of Time (25th Anniversary Edition),,https://open.spotify.com/track/31AOj9sFz2gM0O3hMARRBx,Short
"12180399177",25,te pongo mal(prendelo),Kali Uchis; Jowell & Randy,Sin Miedo (del Amor y Otros Demonios) ∞,,https://open.spotify.com/track/36Qi2bHMzLMQIHApHFytgv,Short
"12180399177",26,WTF Do I Know,Miley Cyrus,Plastic Hearts,,https://open.spotify.com/track/37PJvlIfYWqEX6fgjHlnTf,Short
"12180399177",27,vaya con dios,Kali Uchis,Sin Miedo (del Amor y Otros Demonios) ∞,,https://open.spotify.com/track/5OJkXdRgQPGrbl6aGnGH1G,Short
"12180399177",28,Mrs. Clean,Aminé,Limbo (Deluxe),,https://open.spotify.com/track/5dwd4rLLaw91tKAa3fHJgk,Short
"12180399177",29,Teach Me How to Dougie,Cali Swag District,The Kickback,,https://open.spotify.com/track/61LtVmmkGr8P9I2tSPvdpf,Short
"12180399177",30,telepatía,Kali Uchis,Sin Miedo (del Amor y Otros Demonios) ∞,,https://open.spotify.com/track/6tDDoYIxWvMLTdKpjFkc1B,Short
"12180399177",31,no eres tu(soy yo),Kali Uchis,Sin Miedo (del Amor y Otros Demonios) ∞,,https://open.spotify.com/track/6vOQUrwsokMFDQLbgRDhV8,Short
"12180399177",32,Them Changes,Thundercat,Drunk,,https://open.spotify.com/track/7CH99b2i1TXS5P8UUyWtnM,Short
"12180399177",33,Comfortable - Majestic Remix,Rebecca Garton; Jeremih; Majestic,Comfortable (Majestic Remix),,https://open.spotify.com/track/7bfgDGZNIDAhneejLPy44e,Short
"12180399177",34,de nadie,Kali Uchis,Sin Miedo (del Amor y Otros Demonios) ∞,,https://open.spotify.com/track/7lm2mLylLoEjPiqGgcnhSY,Short
"12180399177",35,"Circle of Life (From ""The Lion King"") - From ""The Lion King""/ Soundtrack",Carmen Twillie; Lebo M.,Best of The Lion King,,https://open.spotify.com/track/7tL61fgLUj48iB6JXVWzii,Short
"12180399177",36,Snowman,Sia,Everyday Is Christmas (Deluxe Edition),,https://open.spotify.com/track/7uoFMmxln0GPXQ0AcCBXRq,Short
"12180399177",37,Get You (feat. Kali Uchis),Daniel Caesar; Kali Uchis,Freudian,,https://open.spotify.com/track/7zFXmv6vqI4qOt4yGf3jYZ,Short
"12180399177",38,The Dance Song,Yung Raja,The Dance Song,,https://open.spotify.com/track/18Ow2wSCiaWmFvbIB6y7u7,Short
"12180399177",39,卒業写真,Hi-Fi Set,"GOLDEN BEST / Hi-Fi Set Yumi Arai,Yumi Matsutouya,Masamichi Sugi Sakuhinshuu",,https://open.spotify.com/track/0518wlHRzYBaC1rF9whUiR,Short
"12180399177",40,Complicated Love,Lxcid,Complicated Love,,https://open.spotify.com/track/1DbhNQhe16I5W8d6GRgHmr,Short
"12180399177",41,High,Miley Cyrus,Plastic Hearts,,https://open.spotify.com/track/2LseyBkPJv7r7wCt2yMEgX,Short
"12180399177",42,The Black Angel's Death Song,The Velvet Underground; Nico,The Velvet Underground & Nico 45th Anniversary,,https://open.spotify.com/track/2g4LWy7YxrbWYA2RJP8nFk,Short
"12180399177",43,Fly Me to the Moon (Acoustic),Angelina Jordan,Fly Me to the Moon (Acoustic),,https://open.spotify.com/track/2gqzxRIFxGaLzggiGR8QMl,Short
"12180399177",44,la luz(Fín),Kali Uchis; Jhay Cortez,Sin Miedo (del Amor y Otros Demonios) ∞,,https://open.spotify.com/track/4a1s8jkTbAoTlvj6x8pHK6,Short
"12180399177",45,Menace,Crown The Empire,The Fallout (Deluxe Reissue),,https://open.spotify.com/track/5m5WPYth01Qi57by82H3iR,Short
"12180399177",46,Put Your Records On,Ritt Momney,Put Your Records On,,https://open.spotify.com/track/6AGOKlMZWLCaEJGnaROtF9,Short
"12180399177",47,Herewego,Jinsang,Life,,https://open.spotify.com/track/3pAodxg6pppHSGadyQcf4M,Short
"12180399177",48,"5:32pm",The Deli,Vibes 2,,https://open.spotify.com/track/7qrBYrivpvfXUPBMmqh3dA,Short
"12180399177",49,The Eye of Truth,Driver,Bumps,,https://open.spotify.com/track/03yPqXVJIYC5qKoYTUbAp7,Short
"12180399177",50,I Was A Window,SASAMI; Dustin Payseur,SASAMI,,https://open.spotify.com/track/0UC7mR34BwAZKZ5hvDBCKK,Short
"12180399177",1,Get You (feat. Kali Uchis),Daniel Caesar; Kali Uchis,Freudian,,https://open.spotify.com/track/7zFXmv6vqI4qOt4yGf3jYZ,Medium
"12180399177",2,Gramercy Park,Alicia Keys,ALICIA,,https://open.spotify.com/track/2cd4ZvMt2jj7BUCBXcckFh,Medium
"12180399177",3,Best Part (feat. H.E.R.),Daniel Caesar; H.E.R.,Freudian,,https://open.spotify.com/track/1RMJOxR6GRPsBHL8qeC2ux,Medium
"12180399177",4,Hey,Pixies,Doolittle,,https://open.spotify.com/track/2Aqc48sn8He26hmTvQ2BMj,Medium
"12180399177",5,What Happens to People?,Deerhunter,Why Hasn't Everything Already Disappeared?,,https://open.spotify.com/track/1hmSATuFIvmaJN4OKfbAU0,Medium
"12180399177",6,Love/Paranoia,Tame Impala,Currents,,https://open.spotify.com/track/5h9hkYIBWTZYFRmF6Iz1gt,Medium
"12180399177",7,Be Above It - Live,Tame Impala,Live Versions,,https://open.spotify.com/track/1ByluhDIW0cUGOzt76a2H3,Medium
"12180399177",8,"3am",HONNE,Gone Are the Days (Shimokita Import),,https://open.spotify.com/track/1WH96QFPIhxlnATR0K90KX,Medium
"12180399177",9,PPP,Beach House,Depression Cherry,,https://open.spotify.com/track/38PTaSqKcn1NKafQRdXSby,Medium
"12180399177",10,Alien Days,MGMT,MGMT,,https://open.spotify.com/track/33rOTAUrmU6RTu3WsJLp5Q,Medium
"12180399177",11,Herewego,Jinsang,Life,,https://open.spotify.com/track/3pAodxg6pppHSGadyQcf4M,Medium
"12180399177",12,Monday Loop,Tomppabeats,Harbor,,https://open.spotify.com/track/1NE3RGTUNgdptVMfKQFoK8,Medium
"12180399177",13,Denmark / Van Gogh & Gone,Psychedelic Porn Crumpets,"High Visceral, Pt. 1",,https://open.spotify.com/track/7sP57RtB31LWReHyQ02RxX,Medium
"12180399177",14,I Was A Window,SASAMI; Dustin Payseur,SASAMI,,https://open.spotify.com/track/0UC7mR34BwAZKZ5hvDBCKK,Medium
"12180399177",15,Summer Crush,Tomppabeats,Harbor,,https://open.spotify.com/track/0ac2BxpvOntMSC5zfLzU2i,Medium
"12180399177",16,Woolen Mittens,Tomppabeats,Harbor,,https://open.spotify.com/track/1yb24R5jxfBUYWGUAkMCnV,Medium
"12180399177",17,You & I,One Direction,Midnight Memories (Deluxe),,https://open.spotify.com/track/2afCBiru10AFckfOa49wIa,Medium
"12180399177",18,Lucidity,Tame Impala,InnerSpeaker,,https://open.spotify.com/track/4EC81w5nKG5tZlkHyKT2vO,Medium
"12180399177",19,Nothing,Bruno Major,To Let A Good Thing Die,,https://open.spotify.com/track/2IAR0DziHCjSu16gR4ihvy,Medium
"12180399177",20,We Find Love,Daniel Caesar,Freudian,,https://open.spotify.com/track/1TPLsNVlofwX1txcE9gZZF,Medium
"12180399177",21,Bliss,Jinsang,Life,,https://open.spotify.com/track/0Sual1ICmnvv1bZ8IEZsS5,Medium
"12180399177",22,Lost In Yesterday,Tame Impala,The Slow Rush,,https://open.spotify.com/track/5JWPUEov2wlX7c0jhYZpeB,Medium
"12180399177",23,I Live All Alone,Tomppabeats,Harbor,,https://open.spotify.com/track/3DjQenFETencniwLRFFYU8,Medium
"12180399177",24,"sincerely, yours",Nohidea,osho,,https://open.spotify.com/track/3gV0E3N4uOcoNsbxLkGWkp,Medium
"12180399177",25,So in Luv,Tomppabeats,Harbor,,https://open.spotify.com/track/4zs3fzcmoHMerI0izvRBNn,Medium
"12180399177",26,Like Someone in Love,Tomppabeats,Harbor,,https://open.spotify.com/track/5YLoMlx2fVu3CVF6FwilRc,Medium
"12180399177",27,Smile,Tomppabeats,Harbor,,https://open.spotify.com/track/7pGqMXv6XPpXEoYNdSsy6x,Medium
"12180399177",28,Always Forever,Cults,Static,,https://open.spotify.com/track/2enPRFda84VE2wtI8c86Uf,Medium
"12180399177",29,[oops],potsu,[oops],,https://open.spotify.com/track/7JgZbix8xDasAhbn3N7eIF,Medium
"12180399177",30,Space Song,Beach House,Depression Cherry,,https://open.spotify.com/track/1ujxjsoNvh4XgS2fUNwkZ2,Medium
"12180399177",31,Metanoia,MGMT,Metanoia,,https://open.spotify.com/track/3nGH8NtCcvUmMBXljXvyEi,Medium
"12180399177",32,I'll Be Your Mirror,The Velvet Underground; Nico,The Velvet Underground & Nico 45th Anniversary,,https://open.spotify.com/track/4PINSJIlBWsnVeveicq1S8,Medium
"12180399177",34,Pretty Thoughts,Alina Baraz; Galimatias,Urban Flora EP,,https://open.spotify.com/track/7CVND4bJzxcNdOCWX2StdC,Long
"12180399177",33,This Is Our Life Now (feat. Curtismith),Sleep Talker; Curtismith,This Is Our Life Now (feat. Curtismith),,https://open.spotify.com/track/5XmurW2YHw29JsSW9ecwpc,Medium
"12180399177",34,Helicopter,Deerhunter,Halcyon Digest,,https://open.spotify.com/track/6cqXhzuVIH4Hm2CkF7ZN21,Medium
"12180399177",35,Far Away,Tomppabeats,Harbor,,https://open.spotify.com/track/0kuTRDo4UHRH1UM9ycnMCh,Medium
"12180399177",36,Levitation,Beach House,Depression Cherry,,https://open.spotify.com/track/5icLsBPRCR8VkN1mMVzxDB,Medium
"12180399177",37,Locket,Crumb,Locket,,https://open.spotify.com/track/0bxcUgWlOURkU6lZt4zog0,Medium
"12180399177",38,Silver,Caribou,Our Love,,https://open.spotify.com/track/6aIJ5Tc5BtiPSQc6Ago1Y6,Medium
"12180399177",39,Powerlines,Tame Impala,Currents B-Sides & Remixes,,https://open.spotify.com/track/7nmtH3cyqEmKz8F09V60yO,Medium
"12180399177",40,Lemon Glow,Beach House,"7",,https://open.spotify.com/track/7pD6katrwWH7H3Xt8cIZS9,Medium
"12180399177",41,Swimming in the Skies,Varsh; Ben Variyan,Swimming in the Skies,,https://open.spotify.com/track/0FmWT6puRQ286VU4ZzBGB3,Medium
"12180399177",42,Eskimo Kiss,Tomppabeats,Harbor,,https://open.spotify.com/track/2KbJiplupltguNJJw5o7lj,Medium
"12180399177",43,Lips,Tomppabeats,Harbor,,https://open.spotify.com/track/2L7WNTO1ZzuEZrh9F7AhP4,Medium
"12180399177",44,Breathe (In the Air),Pink Floyd,The Dark Side of the Moon,,https://open.spotify.com/track/2ctvdKmETyOzPb2GiJJT53,Medium
"12180399177",45,Starlight,Jai Wolf; Mr Gabriel,Starlight,,https://open.spotify.com/track/4Dnss7a0Fobyvw2aWBnDzm,Medium
"12180399177",46,Without You Tonight,Tomppabeats,Harbor,,https://open.spotify.com/track/4dNYc97QYzSa8SUWUDzvIq,Medium
"12180399177",47,Distance,Jinsang,Life,,https://open.spotify.com/track/516hVIP5l9QV4b9rqngwmF,Medium
"12180399177",48,Rain Jacket over a Puddle,Tomppabeats,Harbor,,https://open.spotify.com/track/51m4kWVa8sLBhn4fucgPcd,Medium
"12180399177",49,Return,Jinsang,Life,,https://open.spotify.com/track/79nzylQOgSrJ2q4UpnrHid,Medium
"12180399177",50,In Your Arms,Sunbeam Sound Machine,Wonderer,,https://open.spotify.com/track/07A0whlnYwfWfLQy4qh3Tq,Medium
"12180399177",1,The Less I Know The Better,Tame Impala,Currents,,https://open.spotify.com/track/6K4t31amVTZDgR3sKmwUJJ,Long
"12180399177",2,Cheapest Flight,PREP,Cheapest Flight,,https://open.spotify.com/track/7yj6i3TaFhBvxbLGejrvfw,Long
"12180399177",3,Best Friend,Rex Orange County,Best Friend,,https://open.spotify.com/track/47Bg6IrMed1GPbxRgwH2aC,Long
"12180399177",4,The Trouble With Us,Marcus Marr; Nick Murphy,The Trouble With Us,,https://open.spotify.com/track/60bBoLe9ocxO3zrb0mRO4k,Long
"12180399177",5,Myth,Beach House,Bloom,,https://open.spotify.com/track/2vAts2sr7wl8NJwd8qmUEo,Long
"12180399177",6,Sycamore Girl,Rex Orange County,Apricot Princess,,https://open.spotify.com/track/3ijXR4yXgN43eF54uK7oos,Long
"12180399177",7,Feel It Still - Medasin Remix,Portugal. The Man; Medasin,Feel It Still (Medasin Remix),,https://open.spotify.com/track/4m6ObZmZ7wnyrKtmLvlyVE,Long
"12180399177",8,Always Forever,Cults,Static,,https://open.spotify.com/track/2enPRFda84VE2wtI8c86Uf,Long
"12180399177",9,waves - Tame Impala Remix,Miguel; Tame Impala,Rogue Waves,,https://open.spotify.com/track/3lB0GMiI5KxDbTOG8V3bOx,Long
"12180399177",10,Pachelbel Meets U2,Jon Schmidt,Winter Serenade,,https://open.spotify.com/track/50iBH5FebHr6Lq1xxlhub9,Long
"12180399177",11,Feels Like We Only Go Backwards,Tame Impala,Lonerism,,https://open.spotify.com/track/6vTtMyCg96xwpoIBws9K0Q,Long
"12180399177",12,Japanese Denim,Daniel Caesar,Get You - Single,,https://open.spotify.com/track/1boXOL0ua7N2iCOUVI1p9F,Long
"12180399177",13,Scared Money,NxWorries; Anderson .Paak; Knxwledge,Yes Lawd!,,https://open.spotify.com/track/10domQBk5oAdI8thuGJqUJ,Long
"12180399177",14,Terraform,Mutual Benefit,The Space Project,,https://open.spotify.com/track/6azQ7bKpP21nkbUAdq092R,Long
"12180399177",15,Sunflower,Rex Orange County,Sunflower,,https://open.spotify.com/track/4EpZ4eYuZOwPSSwyqpdHnJ,Long
"12180399177",16,Eventually,Tame Impala,Currents,,https://open.spotify.com/track/04GyFGGvAyItrPfeV0HNj2,Long
"12180399177",17,Childs Play (feat. Chance the Rapper),SZA; Chance the Rapper,Z,,https://open.spotify.com/track/7GPstnufSTScEaw9dMxO9H,Long
"12180399177",18,Dat $tick,Rich Brian,Dat $tick,,https://open.spotify.com/track/4bdJHQp90ymjEIkkYhcENB,Long
"12180399177",19,Get You (feat. Kali Uchis),Daniel Caesar; Kali Uchis,Freudian,,https://open.spotify.com/track/7zFXmv6vqI4qOt4yGf3jYZ,Long
"12180399177",20,Amphitrites Lost,The Holydrug Couple,The Space Project,,https://open.spotify.com/track/2BnkFf23jItG9T6pAa9W8I,Long
"12180399177",21,Golden,Parade of Lights,Feeling Electric,,https://open.spotify.com/track/4Hqlo1XhohWyonvWJ2U3Mn,Long
"12180399177",22,Best Part (feat. Daniel Caesar),H.E.R.; Daniel Caesar,H.E.R.,,https://open.spotify.com/track/4OBZT9EnhYIV17t4pGw7ig,Long
"12180399177",23,We Find Love,Daniel Caesar,Freudian,,https://open.spotify.com/track/1TPLsNVlofwX1txcE9gZZF,Long
"12180399177",24,Take a Walk,Passion Pit,Gossamer,,https://open.spotify.com/track/4Sfa7hdVkqlM8UW5LsSY3F,Long
"12180399177",25,Loving Is Easy,Rex Orange County; Benny Sings,Loving Is Easy,,https://open.spotify.com/track/5EYi2rH4LYs6M21ZLOyQTx,Long
"12180399177",26,Bliss,Ilya,Bliss,,https://open.spotify.com/track/5zoCFucCGfUTB1u2LJ4buu,Long
"12180399177",27,Shutdown,Skepta,Konnichiwa,,https://open.spotify.com/track/1CireMJYXN8Rw4u1HG5GFZ,Long
"12180399177",28,Too Good,Drake; Rihanna,Views,,https://open.spotify.com/track/11KJSRSgaDxqydKYiD2Jew,Long
"12180399177",29,Full Circle,Quinn XCII,Full Circle,,https://open.spotify.com/track/2uHSDyFByIUeTUAxZCTRp0,Long
"12180399177",30,Eventually,Tame Impala,Currents,,https://open.spotify.com/track/5M4yti0QxgqJieUYaEXcpw,Long
"12180399177",31,Weight in Gold - Louis Futon,Gallant; Louis Futon,Weight in Gold (The Remixes),,https://open.spotify.com/track/7xsdtQsh9LsEbozDga5X8D,Long
"12180399177",32,The Less I Know The Better,Tame Impala,Currents,,https://open.spotify.com/track/4g3Ax56IslQkI6XVfYKVc5,Long
"12180399177",33,Saw You in a Dream,The Japanese House,Saw You in a Dream,,https://open.spotify.com/track/3dcu0TMrxtPUMrCFxCNPbD,Long
"12180399177",35,Burning Up,Marianas Trench,Astoria,,https://open.spotify.com/track/7IoQLNtrwne6UqaO0cyIMW,Long
"12180399177",36,For Free,DJ Khaled; Drake,For Free,,https://open.spotify.com/track/0lDBERpbbSfh3og8dSszfj,Long
"12180399177",37,Feels Like We Only Go Backwards,Tame Impala,Lonerism,,https://open.spotify.com/track/0LtOwyZoSNZKJWHqjzADpW,Long
"12180399177",38,Dog Days Are Over,Florence + The Machine,Lungs (Deluxe Version),,https://open.spotify.com/track/456WNXWhDwYOSf5SpTuqxd,Long
"12180399177",39,Pink Matter,Frank Ocean; André 3000,channel ORANGE (Explicit Version),,https://open.spotify.com/track/0C3W4yLCuyUxIEwkSpBO8H,Long
"12180399177",40,Fantasy,Dye,Taki 183,,https://open.spotify.com/track/0FlEFGqwvLmJzZ2PcYrA2D,Long
"12180399177",41,Broke,Samm Henshaw,Broke,,https://open.spotify.com/track/1JqcZQCnxjDOfZZwQidb1H,Long
"12180399177",42,Do U Dirty,Kehlani,Do U Dirty,,https://open.spotify.com/track/0ZYIfoHRbEidPGBFJHUL1r,Long
"12180399177",43,Feel No Ways,Drake,Views,,https://open.spotify.com/track/6H7b2XG2xcpctrl602BwGl,Long
"12180399177",44,Where the Sky Hangs,Passion Pit,Kindred,,https://open.spotify.com/track/7GyDcM22nxCJHcQa11fbYk,Long
"12180399177",45,Herewego,Jinsang,Life,,https://open.spotify.com/track/2j6oIWdY822loY4xJ8Gs55,Long
"12180399177",46,September 22nd,Brock Berrigan,Four Walls and an Amplifier,,https://open.spotify.com/track/5AN9utKqlXPSv4TXHSLpC3,Long
"12180399177",47,Focus,H.E.R.,H.E.R.,,https://open.spotify.com/track/3tZs3nVjySLbL320lP4mvs,Long
"12180399177",48,There She Go,Garren Sean,"GARREN, LP",,https://open.spotify.com/track/5NAsayJ95IyU7B9zpPSb4P,Long
"12180399177",49,Piledriver waltz,Alex Turner,Submarine - Original Songs From The Film By Alex Turner,,https://open.spotify.com/track/3s5ogvexUgA6XjNj37zpnP,Long
"12180399177",50,Come Through and Chill,Salaam Remi; Miguel,Come Through and Chill,,https://open.spotify.com/track/0PrMdfjz1heOHdQsLWtxGH,Long
"12153521253",1,Can We Kiss Forever?,Kina; Adriana Proenza,Can We Kiss Forever?,"2018-08-31",https://open.spotify.com/track/58wyJLv6yH1La9NIZPl3ne,Short
"12153521253",2,Don't Matter - Recorded at Spotify Studios NYC,Lauv,Spotify Singles,"2017-07-19",https://open.spotify.com/track/4a00SVbdG6saNqRJlC4XKQ,Short
"12153521253",3,Break My Heart Again,FINNEAS,Blood Harmony (Deluxe),"2020-08-07",https://open.spotify.com/track/7gGBgh0bVxHPgZjA505bo9,Short
"12153521253",4,Never Not,Lauv,I met you when I was 18. (the playlist),"2018-05-31",https://open.spotify.com/track/4fFfyouye6vrX9o9z4PVMu,Short
"12153521253",5,I Like Me Better - Recorded at Spotify Studios NYC,Lauv,Spotify Singles,"2017-07-19",https://open.spotify.com/track/2uQNcZYa0SEbfW4cj0d9OS,Short
"12153521253",6,Chasing Fire,Lauv,I met you when I was 18. (the playlist),"2018-05-31",https://open.spotify.com/track/2zXRAZvUb2B5PzJGwCtFe0,Short
"12153521253",7,Sweatpants,Lauv,~how i'm feeling~,"2020-03-06",https://open.spotify.com/track/4sRryr1aCDIbVdj2LnBwsR,Short
"12153521253",8,Easy Love,Lauv,I met you when I was 18. (the playlist),"2018-05-31",https://open.spotify.com/track/732Sqj2piYPhdMPENP4axz,Short
"12153521253",9,Who (feat. BTS),Lauv; BTS,~how i'm feeling~,"2020-03-06",https://open.spotify.com/track/2qG81jL9UIP54uS8gYyP4k,Short
"12153521253",10,Love Like That,Lauv,~how i'm feeling~ (the extras),"2019-12-20",https://open.spotify.com/track/23tJmuwvUOa2kTsOlNMWCS,Short
"12153521253",11,Invisible Things,Lauv,~how i'm feeling~,"2020-03-06",https://open.spotify.com/track/1ShHhJlzaLuoZbJ3aP4z0m,Short
"12153521253",12,Come Back Home,Lauv,I met you when I was 18. (the playlist),"2018-05-31",https://open.spotify.com/track/6Dno7FrbG6vnTm9KfjFwf6,Short
"12153521253",13,There's No Way (feat. Julia Michaels),Lauv; Julia Michaels,There's No Way,"2018-09-27",https://open.spotify.com/track/0WTN7om3lHG3yYMigwzBxl,Short
"12153521253",14,Sweet & Sour (feat. Lauv & Tyga),Jawsh 685; Lauv; Tyga,Sweet & Sour (feat. Lauv & Tyga),"2020-09-04",https://open.spotify.com/track/3ZWhRS2EJVL5B0IEzkcvZa,Short
"12153521253",15,Sincerity Is Scary,The 1975,A Brief Inquiry Into Online Relationships,"2018-11-30",https://open.spotify.com/track/6HguG9HRb1Ke1bhihfE4m8,Short
"12153521253",16,Easy,Troye Sivan,In A Dream,"2020-08-21",https://open.spotify.com/track/3gzIK2dGSVvPBiohsTwEWZ,Short
"12153521253",17,In And Out Of Love,Oh Wonder,No One Else Can Wear Your Crown (Deluxe),"2020-02-14",https://open.spotify.com/track/4QyZIfWEPguemQ0tHyteyn,Short
"12153521253",18,Adrenaline,Lauv,I met you when I was 18. (the playlist),"2018-05-31",https://open.spotify.com/track/4nxMHRNNfrOZWg8NAKXnV8,Short
"12153521253",19,For Now,Lauv,~how i'm feeling~,"2020-03-06",https://open.spotify.com/track/0PxJmAlyKcRdd1r9FvDbTn,Short
"12153521253",20,Mean It,Lauv; LANY,~how i'm feeling~,"2020-03-06",https://open.spotify.com/track/3uc8AGNL0KbvISIrjnfRvN,Short
"12153521253",21,Tell My Mama,Lauv,~how i'm feeling~,"2020-03-06",https://open.spotify.com/track/1CJvFjaXKz2yuQWzICeIRo,Short
"12153521253",22,Lonely Eyes,Lauv,~how i'm feeling~,"2020-03-06",https://open.spotify.com/track/5qhHm4dN4L2dhRb2TfzGPw,Short
"12153521253",23,LOVE AGAIN,Daniel Caesar; Brandy,CASE STUDY 01,"2019-06-28",https://open.spotify.com/track/2fhePAlCSsJplwkjqMYpVm,Short
"12153521253",24,July,Noah Cyrus,THE END OF EVERYTHING,"2020-05-15",https://open.spotify.com/track/6J2LdBN97cDWn0MLxYh9HB,Short
"12153521253",25,Sims - Miquela Remix,Lauv; Miquela,~how i'm feeling~ (the extras),"2019-12-20",https://open.spotify.com/track/1uxP6Vw86pAvlnuLUSWLll,Short
"12153521253",26,Drugs & The Internet,Lauv,~how i'm feeling~,"2020-03-06",https://open.spotify.com/track/4VM8y5Tx6UBxzfuLvYrhFf,Short
"12153521253",27,Fake,Lauv; Conan Gray,Fake,"2020-10-13",https://open.spotify.com/track/4Gt2kh3QbAGU6yquOWn4aW,Short
"12153521253",28,Superhero,Lauv,Superhero,"2018-08-30",https://open.spotify.com/track/1Fo4OvzP9PThFKMeMIAEYu,Short
"12153521253",29,Question,Lauv; Travis Mills,I met you when I was 18. (the playlist),"2018-05-31",https://open.spotify.com/track/6mDoM5FGbr1Or5nY9pTnLy,Short
"12153521253",30,Changes,Lauv,~how i'm feeling~,"2020-03-06",https://open.spotify.com/track/7cDpMO5wuWgvv3j4INRBeB,Short
"12153521253",31,Billy,Lauv,~how i'm feeling~,"2020-03-06",https://open.spotify.com/track/5N6lOKp69X4aa61FGvoBTU,Short
"12153521253",32,Comfortable,Lauv,I met you when I was 18. (the playlist),"2018-05-31",https://open.spotify.com/track/05fmLn8tNYb3ijIH2jCLPb,Short
"12153521253",33,Feelings,Lauv,~how i'm feeling~,"2020-03-06",https://open.spotify.com/track/0s26En1JoJhVj32vizElpA,Short
"12153521253",34,Sad Forever,Lauv,~how i'm feeling~,"2020-03-06",https://open.spotify.com/track/1DVWkJEjgVStgU2EbR9vpz,Short
"12153521253",35,I Like Me Better,Lauv,I met you when I was 18. (the playlist),"2018-05-31",https://open.spotify.com/track/2P91MQbaiQOfbiz9VqhqKQ,Short
"12153521253",36,Make It Right (feat. Lauv),BTS; Lauv,Make It Right (feat. Lauv),"2019-10-18",https://open.spotify.com/track/314ZkcV7oLWG8yWE7LABvH,Short
"12153521253",37,The Story Never Ends,Lauv,I met you when I was 18. (the playlist),"2018-05-31",https://open.spotify.com/track/3u5bTqHMM1P34ZkbwzdckV,Short
"12153521253",38,Julia,Lauv,~how i'm feeling~,"2020-03-06",https://open.spotify.com/track/4Gyo5XZzmZawnpqaRRedKu,Short
"12153521253",39,Slow Grenade,Ellie Goulding; Lauv,Slow Grenade,"2020-06-30",https://open.spotify.com/track/5z8uLrYMcUVvzTV28twt44,Short
"12153521253",40,Time Alone With You (feat. Daniel Caesar),Jacob Collier; Daniel Caesar,Time Alone With You (feat. Daniel Caesar),"2019-11-29",https://open.spotify.com/track/04jVEb76Kw5OrmGtlXlHxI,Short
"12153521253",41,With Me,Sum 41,Underclass Hero,"2007-01-01",https://open.spotify.com/track/1OTvWduKQV0MQd2gnGM9He,Short
"12153521253",42,All Caps,Madvillain; Madlib; MF DOOM,Madvillainy,"2004-03-24",https://open.spotify.com/track/1Y2ExJJ9Dmb9po8K0ybSj3,Short
"12153521253",43,Breathe,Lauv,I met you when I was 18. (the playlist),"2018-05-31",https://open.spotify.com/track/373q2bp4ZvyJ9kFZcpJSMs,Short
"12153521253",44,Made to Fall in Love,Daniel Caesar,Spotify Singles,"2020-05-13",https://open.spotify.com/track/44MHQm2WIvsAXg14WKpCQp,Short
"12153521253",45,Getting Over You,Lauv,I met you when I was 18. (the playlist),"2018-05-31",https://open.spotify.com/track/4G4gtvlaFaI6v6wWD8UvqL,Short
"12153521253",46,ENTROPY,Daniel Caesar,CASE STUDY 01,"2019-06-28",https://open.spotify.com/track/795p3jKj5stjPf8IFpZkdD,Short
"12153521253",47,Complicated,Olivia O'Brien,Complicated,"2015-08-09",https://open.spotify.com/track/0jllH0usRFD4LJkJnGK9Lf,Short
"12153521253",48,Honesty,Pink Sweat$,Honesty (Jersey Club Remix),"2020-09-03",https://open.spotify.com/track/487kVkJYUzaFcpKciBcTQP,Short
"12153521253",49,SUPERPOSITION,Daniel Caesar; John Mayer,CASE STUDY 01,"2019-06-28",https://open.spotify.com/track/45PxuJqJBnPXZKLxoo9Apj,Short
"12153521253",50,The Other,Lauv,I met you when I was 18. (the playlist),"2018-05-31",https://open.spotify.com/track/0EAzlhtMYxRb6wbi6KnPjC,Short
"12153521253",32,Superhero,Lauv,Superhero,"2018-08-30",https://open.spotify.com/track/1Fo4OvzP9PThFKMeMIAEYu,Medium
"12153521253",33,Sweatpants,Lauv,~how i'm feeling~,"2020-03-06",https://open.spotify.com/track/4sRryr1aCDIbVdj2LnBwsR,Medium
"12153521253",34,Can We Kiss Forever?,Kina; Adriana Proenza,Can We Kiss Forever?,"2018-08-31",https://open.spotify.com/track/58wyJLv6yH1La9NIZPl3ne,Medium
"12153521253",35,The Story Never Ends,Lauv,I met you when I was 18. (the playlist),"2018-05-31",https://open.spotify.com/track/3u5bTqHMM1P34ZkbwzdckV,Medium
"12153521253",36,I Like Me Better,Lauv,I met you when I was 18. (the playlist),"2018-05-31",https://open.spotify.com/track/2P91MQbaiQOfbiz9VqhqKQ,Medium
"12153521253",37,Love Somebody,Lauv,Without You,"2020-07-10",https://open.spotify.com/track/7LEMGMfmJDd1iLsGD9eV5l,Medium
"12153521253",38,Fake,Lauv; Conan Gray,Fake,"2020-10-13",https://open.spotify.com/track/4Gt2kh3QbAGU6yquOWn4aW,Medium
"12153521253",39,"fuck, i'm lonely (with Anne-Marie)",Lauv; Anne-Marie,~how i'm feeling~,"2020-03-06",https://open.spotify.com/track/09PGubKAMryhOWv1LHpCYz,Medium
"12153521253",40,Must Have Been The Wind,Alec Benjamin,These Two Windows,"2020-05-29",https://open.spotify.com/track/6lERHAmBCZmgODv3OYENXi,Medium
"12153521253",41,Changes,Lauv,~how i'm feeling~,"2020-03-06",https://open.spotify.com/track/7cDpMO5wuWgvv3j4INRBeB,Medium
"12153521253",42,In And Out Of Love,Oh Wonder,No One Else Can Wear Your Crown (Deluxe),"2020-02-14",https://open.spotify.com/track/4QyZIfWEPguemQ0tHyteyn,Medium
"12153521253",43,if i were u (with Lauv),blackbear; Lauv,if i were u (with Lauv),"2020-08-19",https://open.spotify.com/track/0CF1RH8dQKuK2lQPSQw2lZ,Medium
"12153521253",44,Modern Loneliness - Vaundy Remix,Lauv; Vaundy,~how i'm feeling~ (the extras),"2019-12-20",https://open.spotify.com/track/1wHdWpoAQA8BfYpDSpz309,Medium
"12153521253",45,Reforget,Lauv,I met you when I was 18. (the playlist),"2018-05-31",https://open.spotify.com/track/7FLQuyyCaIrBRqNt5l83U4,Medium
"12153521253",46,LOVE AGAIN,Daniel Caesar; Brandy,CASE STUDY 01,"2019-06-28",https://open.spotify.com/track/2fhePAlCSsJplwkjqMYpVm,Medium
"12153521253",47,This Must Be My Dream,The 1975,"I like it when you sleep, for you are so beautiful yet so unaware of it","2016-02-26",https://open.spotify.com/track/42PHzFk7j5Jo2Rtj78JsWV,Medium
"12153521253",48,A Different Way (with Lauv),DJ Snake; Lauv,A Different Way (with Lauv),"2017-09-21",https://open.spotify.com/track/1YMBg7rOjxzbya0fPOYfNX,Medium
"12153521253",49,Question,Lauv; Travis Mills,I met you when I was 18. (the playlist),"2018-05-31",https://open.spotify.com/track/6mDoM5FGbr1Or5nY9pTnLy,Medium
"12153521253",50,Comfortable,Lauv,I met you when I was 18. (the playlist),"2018-05-31",https://open.spotify.com/track/05fmLn8tNYb3ijIH2jCLPb,Medium
"12153521253",1,Tired Boy,Joey Pecoraro,Tired Boy,"2017-02-22",https://open.spotify.com/track/4SkTfsjWUy2rp40d2Ayfmv,Long
"12153521253",2,Best Part (feat. H.E.R.),Daniel Caesar; H.E.R.,Freudian,"2017-08-25",https://open.spotify.com/track/1RMJOxR6GRPsBHL8qeC2ux,Long
"12153521253",3,Girlfriend,Jon Mcxro,The Fifth Of Never - Gold Cup Edition,"2012-05-29",https://open.spotify.com/track/21cEse3PJxwXCRqsh2Xk47,Long
"12153521253",4,Your Eyes,Joey Pecoraro,Little Pear,"2015-08-14",https://open.spotify.com/track/70AvqwCfLnKMj3HvJDCXyW,Long
"12153521253",5,Fly on the Wall,Joey Pecoraro,Little Pear,"2015-08-14",https://open.spotify.com/track/5wyfaZpVP0lAuEWG9xJ3yA,Long
"12120382831",1,Crew (feat. Brent Faiyaz & Shy Glizzy),GoldLink; Brent Faiyaz; Shy Glizzy,At What Cost,"2017-03-24",https://open.spotify.com/track/15EPc80XuFrb2LmOzGjuRg,Long
"12120382831",2,"A$AP Forever REMIX (feat. Moby, T.I. & Kid Cudi)",A$AP Rocky; Moby; T.I.; Kid Cudi,TESTING,"2018-05-25",https://open.spotify.com/track/3oHkMCVJyOcjg5FhfLc2Rq,Long
"12120382831",3,晴天,Jay Chou,葉惠美,"2003-07-31",https://open.spotify.com/track/0F02KChKwbcQ3tk4q1YxLH,Long
"12120382831",4,pick up the phone,Young Thug; Travis Scott,Birds In The Trap Sing McKnight,"2016-09-16",https://open.spotify.com/track/20dP2DaMHIAmwWAbp7peSr,Long
"12120382831",5,Fight Night,Migos,No Label II,"2014-06-03",https://open.spotify.com/track/2n5gVJ9fzeX2SSWlLQuyS9,Long
"12120382831",6,RNP (feat. Anderson .Paak),Cordae; Anderson .Paak,The Lost Boy,"2019-07-26",https://open.spotify.com/track/5lw8Mgb4LyhriPIC86gV6e,Long
"12120382831",7,Slide (feat. Frank Ocean & Migos),Calvin Harris; Frank Ocean; Migos,Slide (feat. Frank Ocean & Migos),"2017-02-24",https://open.spotify.com/track/6gpcs5eMhJwax4mIfKDYQk,Long
"12120382831",8,OKRA,"Tyler, The Creator",OKRA,"2018-03-30",https://open.spotify.com/track/74ZovzRxHBvCq5yIwe8boh,Long
"12120382831",9,Icha Gicha (feat. Pharrell Williams),Kap G; Pharrell Williams,SupaJefe,"2017-04-14",https://open.spotify.com/track/5z24Bwwfp6xtCh7sSvCOJi,Long
"12120382831",10,珊瑚海,Jay Chou; Lara Liang,"11月的蕭邦","2005-11-01",https://open.spotify.com/track/4JY5s40ymnG18f6wxQtzPw,Long
"12120382831",11,SICKO MODE,Travis Scott,ASTROWORLD,"2018-08-03",https://open.spotify.com/track/2xLMifQCjDGFmkHkpNLD9h,Long
"12120382831",12,Powerglide (feat. Juicy J) - From SR3MM,Rae Sremmurd; Swae Lee; Slim Jxmmi; Juicy J,SR3MM,"2018-05-04",https://open.spotify.com/track/1BuZAIO8WZpavWVbbq3Lci,Long
"12120382831",13,Sundress,A$AP Rocky,Sundress,"2018-11-20",https://open.spotify.com/track/2aPTvyE09vUCRwVvj0I8WK,Long
"12120382831",14,Takeaway (feat. Lennon Stella),The Chainsmokers; ILLENIUM; Lennon Stella,World War Joy...Takeaway,"2019-07-24",https://open.spotify.com/track/6wo37KVqFJhtuxPTpLCcfe,Long
"12120382831",15,Plain Jane,A$AP Ferg,Still Striving,"2017-08-18",https://open.spotify.com/track/4dVpf9jZjcORqGTLUaeYj9,Long
"12120382831",16,The Blanguage,Young Thug; Metro Boomin,Street Is Watching (The Mix-Tape),"2014",https://open.spotify.com/track/1E6elLT25P95eXVMshcXZq,Long
"12120382831",17,This Is America,Childish Gambino,This Is America,"2018-05-06",https://open.spotify.com/track/0b9oOr2ZgvyQu88wzixux9,Long
"12120382831",18,X (feat. Future),"21 Savage; Metro Boomin; Future",Savage Mode,"2016-07-15",https://open.spotify.com/track/6fwdbPMwP1zVStm8FybmkO,Long
"12120382831",19,Havana (feat. Young Thug),Camila Cabello; Young Thug,Camila,"2018-01-12",https://open.spotify.com/track/1rfofaqEpACxVEHIZBJe6W,Long
"12120382831",20,Shelter,Porter Robinson; Madeon,Shelter,"2016-08-12",https://open.spotify.com/track/2CgOd0Lj5MuvOqzqdaAXtS,Long
"12120382831",21,Potato Salad,"Tyler, The Creator; A$AP Rocky",Potato Salad,"2018-09-28",https://open.spotify.com/track/1jzIJcHCXneHw7ojC6LXiF,Long
"12120382831",22,Juicy - 2005 Remaster,The Notorious B.I.G.,Ready to Die (The Remaster),"1994-09-13",https://open.spotify.com/track/5ByAIlEEnxYdvpnezg7HTX,Long
"12120382831",23,lit(var),Kensuke Ushio,"A Shape of Light ""A Silent Voice the Movie"" Original Soundtrack","2016-09-14",https://open.spotify.com/track/6bTCdqB1PN5J93hiiZvQzW,Long
"12120382831",24,I Love It (& Lil Pump),Kanye West; Lil Pump,I Love It,"2018-09-07",https://open.spotify.com/track/4S8d14HvHb70ImctNgVzQQ,Long
"12120382831",25,Wyclef Jean,Young Thug,JEFFERY,"2016-08-26",https://open.spotify.com/track/55OdqrG8WLmsYyY1jijD9b,Long
"12120382831",26,說好的幸福呢,Jay Chou,魔杰座,"2008-11-09",https://open.spotify.com/track/6W2tmkeuHKaedHhdTPnyVs,Long
"12120382831",27,Unforgettable,French Montana; Swae Lee,Jungle Rules,"2017-07-14",https://open.spotify.com/track/3B54sVLJ402zGa6Xm4YGNe,Long
"12120382831",28,Fakin It (feat. Ofelia K),Kaskade; Felix Cartal; Ofelia K,Fakin It (feat. Ofelia K),"2016-05-20",https://open.spotify.com/track/02r2uE8nEHpJAvFFttQxqh,Long
"12120382831",29,Light,San Holo,Light,"2017-02-10",https://open.spotify.com/track/6jq6rcOikCZAmjliAgAmfT,Long
"12120382831",30,"Hold On, We're Going Home",Drake; Majid Jordan,Nothing Was The Same (Deluxe),"2013-01-01",https://open.spotify.com/track/6jdOi5U5LBzQrc4c1VT983,Long
"12120382831",31,彩虹,Jay Chou,我很忙,"2008-03-10",https://open.spotify.com/track/4KJx4IOvCU2isprmXio9Xk,Long
"12120382831",32,Ghost Town,Kanye West; PARTYNEXTDOOR,ye,"2018-06-01",https://open.spotify.com/track/6Bg7MznA9X0dIhlAsLyBYj,Long
"12120382831",33,Mona Lisa (feat. Kendrick Lamar),Lil Wayne; Kendrick Lamar,Tha Carter V,"2018-09-28",https://open.spotify.com/track/0dbTQYW3Ad1FTzIA9t90E8,Long
"12120382831",34,Tints (feat. Kendrick Lamar),Anderson .Paak; Kendrick Lamar,Tints (feat. Kendrick Lamar),"2018-10-04",https://open.spotify.com/track/1gnwGVoG7V08vMX3hyr90x,Long
"12120382831",35,Ric Flair Drip (& Metro Boomin),Offset; Metro Boomin,Without Warning,"2017-10-30",https://open.spotify.com/track/7sO5G9EABYOXQKNPNiE9NR,Long
"12120382831",36,Sky Walker (feat. Travis Scott),Miguel; Travis Scott,War & Leisure,"2017-12-01",https://open.spotify.com/track/5WoaF1B5XIEnWfmb5NZikf,Long
"12120382831",37,Biking,"Frank Ocean; JAY-Z; Tyler, The Creator",Biking,"2017-04-10",https://open.spotify.com/track/2q0VexHJirnUPnEOhr2DxK,Long
"12120382831",38,Touch,"3LAU; Carly Paige",Ultraviolet,"2018-02-16",https://open.spotify.com/track/5JKU2tXiG3yvJtefNwe7ZQ,Long
"12120382831",39,I Know There's Gonna Be (Good Times),Jamie xx; Young Thug; Popcaan,In Colour,"2015-06-01",https://open.spotify.com/track/6393Du1axGG1NvAMq0OcfU,Long
"12120382831",40,Jump (feat. Gizzle),Lupe Fiasco; Gizzle,DROGAS Light,"2017-02-10",https://open.spotify.com/track/51gbF0SxTmxgAguiWWUXPu,Long
"12120382831",41,Sweet,Cigarettes After Sex,Cigarettes After Sex,"2017-06-09",https://open.spotify.com/track/2T6SuvI5GJXbJOCM1jweuW,Long
"12120382831",42,Reverie,ILLENIUM; King Deco,Ashes,"2016-02-15",https://open.spotify.com/track/46RvocxUkMUhCtDxk1BUyT,Long
"12120382831",43,蒲公英的約定,Jay Chou,我很忙,"2008-03-10",https://open.spotify.com/track/4hYHaROtjB6YREh6AgW3fd,Long
"12120382831",44,Don't Don't Do It!,N.E.R.D; Kendrick Lamar; Pharrell Williams,NO ONE EVER REALLY DIES,"2017-12-15",https://open.spotify.com/track/2svutFGaCycRmYc1mWbfQh,Long
"12120382831",45,Really Doe,Danny Brown; Kendrick Lamar; Ab-Soul; Earl Sweatshirt,Atrocity Exhibition,"2016-09-27",https://open.spotify.com/track/6dHatCnuOb1TdBIeJTK3Y0,Long
"12120382831",46,Sober,Childish Gambino,Kauai,"2014-10-03",https://open.spotify.com/track/0PwKsFzNiOTnAus6fj7zJn,Long
"12120382831",47,I Might Need Security,Chance the Rapper,I Might Need Security,"2018-07-19",https://open.spotify.com/track/3EApebexZ7YqDIqw2EMTDh,Long
"12120382831",48,A$AP Forever (feat. Moby),A$AP Rocky; Moby,A$AP Forever (feat. Moby),"2018-04-05",https://open.spotify.com/track/1YmF9PvLhIISIANoMLIYGq,Long
"12120382831",49,Old Town Road (feat. Billy Ray Cyrus) - Remix,Lil Nas X; Billy Ray Cyrus,Old Town Road,"2019-04-05",https://open.spotify.com/track/6u7jPi22kF8CTQ3rb9DHE7,Long
"12120382831",50,Old Town Road - Remix,Lil Nas X; Billy Ray Cyrus; Mason Ramsey; Young Thug,Old Town Road (Remix),"2019-07-12",https://open.spotify.com/track/6jmZlyf9DxcIoRrjw02YXm,Long
"12153521253",1,Lonely Eyes,Lauv,~how i'm feeling~,"2020-03-06",https://open.spotify.com/track/5qhHm4dN4L2dhRb2TfzGPw,Medium
"12153521253",2,Sad Forever,Lauv,~how i'm feeling~,"2020-03-06",https://open.spotify.com/track/1DVWkJEjgVStgU2EbR9vpz,Medium
"12153521253",3,Invisible Things,Lauv,~how i'm feeling~,"2020-03-06",https://open.spotify.com/track/1ShHhJlzaLuoZbJ3aP4z0m,Medium
"12153521253",4,Love Like That,Lauv,~how i'm feeling~ (the extras),"2019-12-20",https://open.spotify.com/track/23tJmuwvUOa2kTsOlNMWCS,Medium
"12153521253",5,Modern Loneliness,Lauv,~how i'm feeling~,"2020-03-06",https://open.spotify.com/track/1eyek0KJEh2v5HQ9uQSybb,Medium
"12153521253",6,Drugs & The Internet,Lauv,~how i'm feeling~,"2020-03-06",https://open.spotify.com/track/4VM8y5Tx6UBxzfuLvYrhFf,Medium
"12153521253",7,Never Not,Lauv,I met you when I was 18. (the playlist),"2018-05-31",https://open.spotify.com/track/4fFfyouye6vrX9o9z4PVMu,Medium
"12153521253",8,Don't Matter - Recorded at Spotify Studios NYC,Lauv,Spotify Singles,"2017-07-19",https://open.spotify.com/track/4a00SVbdG6saNqRJlC4XKQ,Medium
"12153521253",9,Billy,Lauv,~how i'm feeling~,"2020-03-06",https://open.spotify.com/track/5N6lOKp69X4aa61FGvoBTU,Medium
"12153521253",10,There's No Way (feat. Julia Michaels),Lauv; Julia Michaels,There's No Way,"2018-09-27",https://open.spotify.com/track/0WTN7om3lHG3yYMigwzBxl,Medium
"12153521253",11,Make It Right (feat. Lauv),BTS; Lauv,Make It Right (feat. Lauv),"2019-10-18",https://open.spotify.com/track/314ZkcV7oLWG8yWE7LABvH,Medium
"12153521253",12,Mean It,Lauv; LANY,~how i'm feeling~,"2020-03-06",https://open.spotify.com/track/3uc8AGNL0KbvISIrjnfRvN,Medium
"12153521253",13,Cocoa Butter Kisses,Chance the Rapper; VIC MENSA; Twista,Acid Rap,"2013-04-30",https://open.spotify.com/track/0aMHIW1lqrulVCx0LLlr6a,Medium
"12153521253",14,Adrenaline,Lauv,I met you when I was 18. (the playlist),"2018-05-31",https://open.spotify.com/track/4nxMHRNNfrOZWg8NAKXnV8,Medium
"12153521253",6,Finding Parking,Joey Pecoraro,Tired Boy,"2017-02-22",https://open.spotify.com/track/29uGke73C3JUzciyUBRrkD,Long
"12153521253",7,Helplessly,Tatiana Manaois,Helplessly,"2014-03-23",https://open.spotify.com/track/1pvGWSvIXr8PTk8nC4SnXK,Long
"12153521253",8,We Find Love,Daniel Caesar,Freudian,"2017-08-25",https://open.spotify.com/track/1TPLsNVlofwX1txcE9gZZF,Long
"12153521253",9,Don't Be a Fool,Joey Pecoraro,Music for Happiness,"2018-04-06",https://open.spotify.com/track/4D8UvvJUIapsaZZSLqXrKP,Long
"12153521253",10,Get You (feat. Kali Uchis),Daniel Caesar; Kali Uchis,Freudian,"2017-08-25",https://open.spotify.com/track/7zFXmv6vqI4qOt4yGf3jYZ,Long
"12153521253",11,If You Ever Come Back,The Script,Science & Faith,"2010-09-10",https://open.spotify.com/track/6Vg3QC5UcpdAcGXgUqkjIX,Long
"12153521253",12,Ask for Love,Joey Pecoraro,Ask for Love,"2017-11-16",https://open.spotify.com/track/7vf0v8oiStZKGVqB5gpt3V,Long
"12153521253",13,Violet,Daniel Caesar,Violet,"2015-07-01",https://open.spotify.com/track/22jnEneSABg4vRCR1vow7F,Long
"12153521253",14,Piece Of Mind,Kehlani,SweetSexySavage (Deluxe),"2017-01-27",https://open.spotify.com/track/0bBgXH6mybXjdngxKF5zBE,Long
"12153521253",15,i,Kendrick Lamar,i,"2014-09-23",https://open.spotify.com/track/69x16JmnJxuLVP9ELBoY03,Long
"12153521253",16,Photograph,Ed Sheeran,x (Deluxe Edition),"2014-06-21",https://open.spotify.com/track/1HNkqx9Ahdgi1Ixy2xkKkL,Long
"12153521253",17,Campfire,Aminé; Injury Reserve,Campfire,"2018-04-06",https://open.spotify.com/track/4U5ovGD4My7MOISvUEtYaf,Long
"12153521253",18,Music for Happiness,Joey Pecoraro,Music for Happiness,"2018-04-06",https://open.spotify.com/track/5ZembGG7zKzIeSOuTCWPQW,Long
"12153521253",19,Hold Me Down,Daniel Caesar,Freudian,"2017-08-25",https://open.spotify.com/track/1Mza2sr6tPhy6jjI3HB9fW,Long
"12153521253",20,Exit Wounds,The Script,Science & Faith,"2010-09-10",https://open.spotify.com/track/21GsEoN7kaSUrzXZnAeol9,Long
"12153521253",21,Ex's & Oh's,Elle King,Love Stuff,"2015-02-13",https://open.spotify.com/track/70eDxAyAraNTiD6lx2ZEnH,Long
"12153521253",22,Your Favorite Place,Joey Pecoraro,Chillhop Essentials Winter 2017,"2017-12-11",https://open.spotify.com/track/0ONn7t8x49V3tOR5ZcIrpf,Long
"12153521253",23,Action!,DPR LIVE; GRAY,Action!,"2018-03-13",https://open.spotify.com/track/3IW5rhsRBxstifAnjQyUI9,Long
"12153521253",24,Novacane,Frank Ocean,Novacane,"2011-01-01",https://open.spotify.com/track/5zrZHMklhOXABpnBl0EMBN,Long
"12153521253",25,Chanel,Frank Ocean,Chanel,"2017-03-10",https://open.spotify.com/track/6Nle9hKrkL1wQpwNfEkxjh,Long
"12153521253",26,Warm,Joey Pecoraro,Little Pear,"2015-08-14",https://open.spotify.com/track/6iiHfPJeO14Z9jRh2wisAG,Long
"12153521253",27,The Nights,Avicii,The Days / Nights,"2014-12-01",https://open.spotify.com/track/3OwPSJu609AMzotCEyoMiO,Long
"12153521253",28,YOUTH,Troye Sivan,Blue Neighbourhood (Deluxe),"2015-12-04",https://open.spotify.com/track/68fXn0TVggt7Gr0sPbBuI5,Long
"12153521253",29,Hey Mama,Kanye West,Late Registration,"2005-01-01",https://open.spotify.com/track/1gFovJQ7w2We3AoU3ybhzU,Long
"12153521253",30,First Kiss,Joey Pecoraro,Music for Happiness,"2018-04-06",https://open.spotify.com/track/0vV8n4jI08wMk3cfvbcLRc,Long
"12153521253",31,Glory Days,Joey Pecoraro,Music for Happiness,"2018-04-06",https://open.spotify.com/track/1zdzawvseiBbVBRvAkfj8O,Long
"12153521253",32,Bang My Head (feat. Sia & Fetty Wap),David Guetta,Bang My Head (feat. Sia & Fetty Wap),"2015-10-30",https://open.spotify.com/track/0QQG0RovnsfKUdHJIsJ39f,Long
"12153521253",33,Self,Noname,Room 25,"2018-09-14",https://open.spotify.com/track/2wUnFLr2k5491Pv4cUYd83,Long
"12153521253",34,Stitches,Shawn Mendes,Handwritten (Deluxe),"2015-04-13",https://open.spotify.com/track/1WP1r7fuvRqZRnUaTi2I1Q,Long
"12153521253",35,All The Way,Timeflies,After Hours (Deluxe),"2014-01-01",https://open.spotify.com/track/0cJLYpRTqODzv9SiQukE4Z,Long
"12153521253",36,Laundry Day,Joey Pecoraro,Music for Happiness,"2018-04-06",https://open.spotify.com/track/1X6SgkUlyH613d9qQoq70z,Long
"12153521253",37,Paradise,Jeremih,Late Nights: The Album,"2015-12-04",https://open.spotify.com/track/4cRjXdL7XiJp3lRLSWAF2E,Long
"12153521253",38,Coaster,Khalid,American Teen,"2017-04-27",https://open.spotify.com/track/39KG4kom3enSx4GTThuDGt,Long
"12153521253",39,Damage,PARTYNEXTDOOR; Halsey,Seven Days,"2017-09-29",https://open.spotify.com/track/4Z22Uz5JhtWbkmzojNcdPr,Long
"12153521253",40,Air,Shawn Mendes; Astrid S,Handwritten (Deluxe),"2015-04-13",https://open.spotify.com/track/1c9LBfX0klXJscJAYDI0Ea,Long
"12153521253",41,The Weight,Shawn Mendes,Handwritten (Deluxe),"2015-04-13",https://open.spotify.com/track/5H2nJw7XkKyc43lhccRy5R,Long
"12153521253",42,Eastside (with Halsey & Khalid),benny blanco; Halsey; Khalid,Eastside (with Halsey & Khalid),"2018-07-12",https://open.spotify.com/track/0d2iYfpKoM0QCKvcLCkBao,Long
"12153521253",43,Django Jane,Janelle Monáe,Django Jane,"2018-02-21",https://open.spotify.com/track/1tAoLzNNXRabfHHzSqdk3R,Long
"12153521253",44,Take Me Home,Jess Glynne,I Cry When I Laugh,"2015",https://open.spotify.com/track/76eBb8heDKtUg68WiKX9j1,Long
"12153521253",45,Second Hand Heart (feat. Kelly Clarkson),Ben Haenow; Kelly Clarkson,Second Hand Heart (feat. Kelly Clarkson),"2015-10-16",https://open.spotify.com/track/42TA5byfclfFF0skXOfKpM,Long
"12153521253",46,Silence,Marshmello; Khalid,Silence,"2017-08-11",https://open.spotify.com/track/7vGuf3Y35N4wmASOKLUVVU,Long
"12153521253",47,The Man,Aloe Blacc,Lift Your Spirit,"2013-01-01",https://open.spotify.com/track/1FsH6OZCKLWbBgqj8JcCvO,Long
"12153521253",48,Sunday Candy,Donnie Trumpet & The Social Experiment,Surf,"2015-06-30",https://open.spotify.com/track/6fTdcGsjxlAD9PSkoPaLMX,Long
"12153521253",49,Blessed,Daniel Caesar,Freudian,"2017-08-25",https://open.spotify.com/track/0KyzXQhY2yzcb1FYCHkZc2,Long
"12153521253",50,One of Us,Sungha Jung,Perfect Blue,"2011-02-24",https://open.spotify.com/track/0jovnJarq1zrSQp5tMsLb4,Long
