"user_id","rank","artist_id","timeframe","artist","genres","artist_url","artist_image","popularity"
"12153521253",1,"3OpWOvjJnk86geCHrAxkHA",Long,Sungha Jung,acoustic guitar cover; fingerstyle; viral pop,https://open.spotify.com/artist/3OpWOvjJnk86geCHrAxkHA,https://i.scdn.co/image/2084aff5eff3416d8fa89d2b7a29a59c7f134c0f,50
"12120382831",1,"5K4W6rqBFWDnAN6FQUkS6x",Long,Kanye West,chicago rap; rap,https://open.spotify.com/artist/5K4W6rqBFWDnAN6FQUkS6x,https://i.scdn.co/image/bd1c6fdf3705cf9b7d0c8ac8e7bbed98e31a1559,90
"12120382831",2,"2elBjNSdBE2Y3f0j1mjrql",Long,Jay Chou,c-pop; mandopop; taiwan pop; zhongguo feng,https://open.spotify.com/artist/2elBjNSdBE2Y3f0j1mjrql,https://i.scdn.co/image/0e5952203ea0140aa5687fccee5a7fa1d61bb3d6,73
"12153521253",2,"6eUKZXaKkcviH0Ku9w2n3V",Long,Ed Sheeran,pop; uk pop,https://open.spotify.com/artist/6eUKZXaKkcviH0Ku9w2n3V,https://i.scdn.co/image/c9e693f336bc004af00c51bbf0a157e8b5af75f2,92
"12120382831",3,"73sIBHcqh3Z3NyqHKZ7FOL",Long,Childish Gambino,atl hip hop; hip hop; pop rap; rap,https://open.spotify.com/artist/73sIBHcqh3Z3NyqHKZ7FOL,https://i.scdn.co/image/2e1d974c14fb66eb5050bf3526c84c4f6e2f47ae,80
"12153521253",3,"04gDigrS5kc9YWfZHwBETP",Long,Maroon 5,pop; pop rock,https://open.spotify.com/artist/04gDigrS5kc9YWfZHwBETP,https://i.scdn.co/image/305c7c493ca5c108ade08dea6a169694db911644,88
"12153521253",4,"44insiIQApkRaCMIbuaISJ",Long,Joey Pecoraro,chillhop; lo-fi beats,https://open.spotify.com/artist/44insiIQApkRaCMIbuaISJ,https://i.scdn.co/image/af76a3b950e634842d96adb8cb807985b3e4849e,60
"12120382831",4,"1Xyo4u8uXC1ZmMpatF05PJ",Long,The Weeknd,canadian contemporary r&b; canadian pop; pop,https://open.spotify.com/artist/1Xyo4u8uXC1ZmMpatF05PJ,https://i.scdn.co/image/d9a875c37277c35b94c60c00d2cd256db098505d,94
"12120382831",5,"50co4Is1HCEo8bhOyUWKpn",Long,Young Thug,atl hip hop; atl trap; gangster rap; melodic rap; pop rap; rap; trap,https://open.spotify.com/artist/50co4Is1HCEo8bhOyUWKpn,https://i.scdn.co/image/69ef089edd03d6d5455ed61e96d27c7f5b995434,90
"12153521253",5,"7n2wHs1TKAczGzO7Dd2rGr",Long,Shawn Mendes,canadian pop; dance pop; pop; post-teen pop; viral pop,https://open.spotify.com/artist/7n2wHs1TKAczGzO7Dd2rGr,https://i.scdn.co/image/809b93c47fca237138e53968d86682f09d0f45a2,92
"12120382831",6,"69GGBxA162lTqCwzJG5jLp",Long,The Chainsmokers,dance pop; edm; electropop; pop; pop dance; tropical house,https://open.spotify.com/artist/69GGBxA162lTqCwzJG5jLp,https://i.scdn.co/image/960547a625bc2eb742bb3dd170cbc049d2e94cf9,84
"12153521253",6,"5K4W6rqBFWDnAN6FQUkS6x",Long,Kanye West,chicago rap; rap,https://open.spotify.com/artist/5K4W6rqBFWDnAN6FQUkS6x,https://i.scdn.co/image/bd1c6fdf3705cf9b7d0c8ac8e7bbed98e31a1559,90
"12153521253",7,"3AQRLZ9PuTAozP28Skbq8V",Long,The Script,celtic rock; dance pop; neo mellow; pop; pop rock; post-teen pop; viral pop,https://open.spotify.com/artist/3AQRLZ9PuTAozP28Skbq8V,https://i.scdn.co/image/b0d7782a07bb4305554837a88078a3b19a5c9eda,77
"12120382831",7,"3TVXtAsR1Inumwj472S9r4",Long,Drake,canadian hip hop; canadian pop; hip hop; pop rap; rap; toronto rap,https://open.spotify.com/artist/3TVXtAsR1Inumwj472S9r4,https://i.scdn.co/image/60cfab40c6bb160a1906be45276829d430058005,97
"12153521253",8,"2YZyLoL8N0Wb9xBt1NhZWg",Long,Kendrick Lamar,conscious hip hop; hip hop; rap; west coast rap,https://open.spotify.com/artist/2YZyLoL8N0Wb9xBt1NhZWg,https://i.scdn.co/image/3a836196bfb341f736c7fe2704fb75de53f8dfbb,88
"12120382831",8,"45eNHdiiabvmbp4erw26rg",Long,ILLENIUM,edm; electropop; melodic dubstep; pop; pop dance; tropical house,https://open.spotify.com/artist/45eNHdiiabvmbp4erw26rg,https://i.scdn.co/image/cb843e45099dccf0fa4d6f4071e82603843547cb,78
"12120382831",9,"13ubrt8QOOCPljQ2FL1Kca",Long,A$AP Rocky,east coast hip hop; hip hop; rap; trap; underground hip hop,https://open.spotify.com/artist/13ubrt8QOOCPljQ2FL1Kca,https://i.scdn.co/image/cce607c4d975ae49d68b484eaef51a6413fa73b1,84
"12153521253",9,"2h93pZq0e7k5yf4dywlkpM",Long,Frank Ocean,alternative r&b; hip hop; lgbtq+ hip hop; neo soul; pop,https://open.spotify.com/artist/2h93pZq0e7k5yf4dywlkpM,https://i.scdn.co/image/7db34c8aace6feb91f38601bb75e6b3301b4657a,85
"12120382831",10,"1Bl6wpkWCQ4KVgnASpvzzA",Long,BROCKHAMPTON,boy band; hip hop; rap; underground hip hop,https://open.spotify.com/artist/1Bl6wpkWCQ4KVgnASpvzzA,https://i.scdn.co/image/c5d8db5b41cdf04a63ab8dc30c4f92a9b9005263,76
"12153521253",10,"20wkVLutqVOYrc0kxFs7rA",Long,Daniel Caesar,canadian contemporary r&b; pop,https://open.spotify.com/artist/20wkVLutqVOYrc0kxFs7rA,https://i.scdn.co/image/f9dbecfbec79585821a0058c96fde9a57b9c106c,78
"12153521253",11,"4jGPdu95icCKVF31CcFKbS",Long,Gentle Bones,chill r&b; indie cafe pop; singaporean pop,https://open.spotify.com/artist/4jGPdu95icCKVF31CcFKbS,https://i.scdn.co/image/3aeeff468f17895e1170c3052991fbdeff4bcbde,55
"12120382831",11,"4V8LLVI7PbaPR0K2TGSxFF",Long,"Tyler, The Creator",hip hop; rap,https://open.spotify.com/artist/4V8LLVI7PbaPR0K2TGSxFF,https://i.scdn.co/image/fe839f5bd121774e64f377b5eead237c69a01711,84
"12153521253",12,"3TVXtAsR1Inumwj472S9r4",Long,Drake,canadian hip hop; canadian pop; hip hop; pop rap; rap; toronto rap,https://open.spotify.com/artist/3TVXtAsR1Inumwj472S9r4,https://i.scdn.co/image/60cfab40c6bb160a1906be45276829d430058005,97
"12120382831",12,"1EowJ1WwkMzkCkRomFhui7",Long,RADWIMPS,j-pop; j-poprock; j-rock; japanese emo; visual kei,https://open.spotify.com/artist/1EowJ1WwkMzkCkRomFhui7,https://i.scdn.co/image/dcce11b6c3797bba9852892dda99b85cf4c58861,73
"12120382831",13,"2YZyLoL8N0Wb9xBt1NhZWg",Long,Kendrick Lamar,conscious hip hop; hip hop; rap; west coast rap,https://open.spotify.com/artist/2YZyLoL8N0Wb9xBt1NhZWg,https://i.scdn.co/image/3a836196bfb341f736c7fe2704fb75de53f8dfbb,88
"12153521253",13,"5pKCCKE2ajJHZ9KAiaK11H",Long,Rihanna,barbadian pop; dance pop; pop; pop dance; post-teen pop; r&b; urban contemporary,https://open.spotify.com/artist/5pKCCKE2ajJHZ9KAiaK11H,https://i.scdn.co/image/1fc2f537d678d701d7d143a8fd4f0c2f29fbde22,90
"12120382831",14,"68kEuyFKyqrdQQLLsmiatm",Long,Vince Staples,conscious hip hop; escape room; hip hop; rap; underground hip hop,https://open.spotify.com/artist/68kEuyFKyqrdQQLLsmiatm,https://i.scdn.co/image/b5928a2fad6cc160bf4b37d8d393d401db61e6c2,71
"12153521253",14,"5JZ7CnR6gTvEMKX4g70Amv",Long,Lauv,electropop; pop; post-teen pop,https://open.spotify.com/artist/5JZ7CnR6gTvEMKX4g70Amv,https://i.scdn.co/image/53020d6fc2c13f28188f8cf046f996d6f716685e,85
"12153521253",15,"1Bl6wpkWCQ4KVgnASpvzzA",Long,BROCKHAMPTON,boy band; hip hop; rap; underground hip hop,https://open.spotify.com/artist/1Bl6wpkWCQ4KVgnASpvzzA,https://i.scdn.co/image/c5d8db5b41cdf04a63ab8dc30c4f92a9b9005263,76
"12120382831",15,"3MZsBdqDrRTJihTHQrO6Dq",Long,Joji,alternative r&b; viral pop,https://open.spotify.com/artist/3MZsBdqDrRTJihTHQrO6Dq,https://i.scdn.co/image/946502271a52151aae958c8d5bfefc1088e50886,86
"12153521253",16,"3WGpXCj9YhhfX11TToZcXP",Long,Troye Sivan,australian pop; dance pop; electropop; pop; pop dance; post-teen pop; viral pop,https://open.spotify.com/artist/3WGpXCj9YhhfX11TToZcXP,https://i.scdn.co/image/457ae8b1846ae6f55ec5602ac97d62889646ee6d,80
"12120382831",16,"00FQb4jTyendYWaN8pK0wa",Long,Lana Del Rey,art pop; pop,https://open.spotify.com/artist/00FQb4jTyendYWaN8pK0wa,https://i.scdn.co/image/d79b3e6cc42de7f44c8f131ed9b3ed594202e400,85
"12120382831",17,"5IcR3N7QB1j6KBL8eImZ8m",Long,ScHoolboy Q,gangster rap; hip hop; pop rap; rap; southern hip hop; trap; underground hip hop,https://open.spotify.com/artist/5IcR3N7QB1j6KBL8eImZ8m,https://i.scdn.co/image/16e1c84dcb5ab6b682f113a048ed172ca3ca2ef6,77
"12153521253",17,"6qqNVTkY8uBg9cP3Jd7DAH",Long,Billie Eilish,electropop; pop,https://open.spotify.com/artist/6qqNVTkY8uBg9cP3Jd7DAH,https://i.scdn.co/image/8b37b863c8772bebdeefece264ee2fcee804b98d,92
"12120382831",18,"7CajNmpbOovFoOoasH2HaY",Long,Calvin Harris,dance pop; edm; electro house; house; pop; pop dance; progressive house; uk dance,https://open.spotify.com/artist/7CajNmpbOovFoOoasH2HaY,https://i.scdn.co/image/af53b9a94b36d4d1af390841f23b7d7c4fcaf9b8,86
"12153521253",18,"49tQo2QULno7gxHutgccqF",Long,LANY,la pop; pop,https://open.spotify.com/artist/49tQo2QULno7gxHutgccqF,https://i.scdn.co/image/72d54a66f7226fb51c2ca9943b7b54ceb8762670,78
"12120382831",19,"23fqKkggKUBHNkbKtXEls4",Long,Kygo,edm; pop; pop dance; tropical house,https://open.spotify.com/artist/23fqKkggKUBHNkbKtXEls4,https://i.scdn.co/image/eee84c026e93f6d970fdc82c5010c45219530577,86
"12153521253",19,"3mIj9lX2MWuHmhNCA7LSCW",Long,The 1975,modern alternative rock; modern rock; nu gaze; pop; rock,https://open.spotify.com/artist/3mIj9lX2MWuHmhNCA7LSCW,https://i.scdn.co/image/94dd2feca73bdfb7e1c12751b499ec0a46024866,79
"12120382831",20,"3mIj9lX2MWuHmhNCA7LSCW",Long,The 1975,modern alternative rock; modern rock; nu gaze; pop; rock,https://open.spotify.com/artist/3mIj9lX2MWuHmhNCA7LSCW,https://i.scdn.co/image/94dd2feca73bdfb7e1c12751b499ec0a46024866,79
"12153521253",20,"1anyVhU62p31KFi8MEzkbf",Long,Chance the Rapper,chicago rap; conscious hip hop; hip hop; pop rap; rap,https://open.spotify.com/artist/1anyVhU62p31KFi8MEzkbf,https://i.scdn.co/image/7c9126d528200d1f31b001aaf08a3f2de3032bcc,85
"12153521253",21,"3KV3p5EY4AvKxOlhGHORLg",Long,Jeremih,chicago rap; dance pop; hip hop; pop; pop rap; r&b; southern hip hop; trap; urban contemporary,https://open.spotify.com/artist/3KV3p5EY4AvKxOlhGHORLg,https://i.scdn.co/image/48e38236955edc0ac5dbe291992dbf82a90e6d6d,80
"12120382831",21,"2h93pZq0e7k5yf4dywlkpM",Long,Frank Ocean,alternative r&b; hip hop; lgbtq+ hip hop; neo soul; pop,https://open.spotify.com/artist/2h93pZq0e7k5yf4dywlkpM,https://i.scdn.co/image/7db34c8aace6feb91f38601bb75e6b3301b4657a,85
"12120382831",22,"7dGJo4pcD2V6oG8kP0tJRR",Long,Eminem,detroit hip hop; hip hop; rap,https://open.spotify.com/artist/7dGJo4pcD2V6oG8kP0tJRR,https://i.scdn.co/image/56f4762485066b4ef867b96e16775f2b5b4db277,94
"12153521253",22,"1uNFoZAHBGtllmzznpCI3s",Long,Justin Bieber,canadian pop; pop; post-teen pop,https://open.spotify.com/artist/1uNFoZAHBGtllmzznpCI3s,https://i.scdn.co/image/e4402b06501ef0e3e54ca88cdefc722e4ec7b05b,96
"12153521253",23,"1QAJqy2dA3ihHBFIHRphZj",Long,Cigarettes After Sex,ambient pop; dream pop; el paso indie; shoegaze,https://open.spotify.com/artist/1QAJqy2dA3ihHBFIHRphZj,https://i.scdn.co/image/074a07d0cbf2a30290b5b55b152952e3c7011341,75
"12120382831",23,"3jK9MiCrA42lLAdMGUZpwa",Long,Anderson .Paak,escape room,https://open.spotify.com/artist/3jK9MiCrA42lLAdMGUZpwa,https://i.scdn.co/image/4f7b3e759d12f5c996f07b6b9d082ff35ced0031,78
"12120382831",24,"0Y5tJX1MQlPlqiwlOH1tJY",Long,Travis Scott,rap,https://open.spotify.com/artist/0Y5tJX1MQlPlqiwlOH1tJY,https://i.scdn.co/image/ef784cfa3f4f87d656d3dfa5eedf0a24610faba9,93
"12153521253",24,"4AK6F7OLvEQ5QYCBNiQWHq",Long,One Direction,boy band; pop; post-teen pop; talent show,https://open.spotify.com/artist/4AK6F7OLvEQ5QYCBNiQWHq,https://i.scdn.co/image/5bb443424a1ad71603c43d67f5af1a04da6bb3c8,89
"12120382831",25,"0fA0VVWsXO9YnASrzqfmYu",Long,Kid Cudi,ohio hip hop; pop rap; rap,https://open.spotify.com/artist/0fA0VVWsXO9YnASrzqfmYu,https://i.scdn.co/image/4cb57ae1ef87546455db9cf65ba414c311ff459a,90
"12153521253",25,"2wY79sveU1sp5g7SokKOiI",Long,Sam Smith,dance pop; pop; post-teen pop; uk pop,https://open.spotify.com/artist/2wY79sveU1sp5g7SokKOiI,https://i.scdn.co/image/ec0ac1a0f41100f8188a3f17e5b351780b4d173b,89
"12153521253",26,"1Xyo4u8uXC1ZmMpatF05PJ",Long,The Weeknd,canadian contemporary r&b; canadian pop; pop,https://open.spotify.com/artist/1Xyo4u8uXC1ZmMpatF05PJ,https://i.scdn.co/image/d9a875c37277c35b94c60c00d2cd256db098505d,94
"12120382831",26,"7iZtZyCzp3LItcw1wtPI3D",Long,Rae Sremmurd,hip hop; melodic rap; mississippi hip hop; pop rap; rap; southern hip hop; trap,https://open.spotify.com/artist/7iZtZyCzp3LItcw1wtPI3D,https://i.scdn.co/image/e655ebbca7070f2e273a7d1400a94c371d18ea78,76
"12153521253",27,"69GGBxA162lTqCwzJG5jLp",Long,The Chainsmokers,dance pop; edm; electropop; pop; pop dance; tropical house,https://open.spotify.com/artist/69GGBxA162lTqCwzJG5jLp,https://i.scdn.co/image/960547a625bc2eb742bb3dd170cbc049d2e94cf9,84
"12120382831",27,"6l3HvQ5sa6mXTsMTB19rO5",Long,J. Cole,conscious hip hop; hip hop; north carolina hip hop; rap,https://open.spotify.com/artist/6l3HvQ5sa6mXTsMTB19rO5,https://i.scdn.co/image/c58beb81196bbdda378b6746c51a10aace2f63a6,87
"12120382831",28,"1vCWHaC5f2uS3yhpwWbIA6",Long,Avicii,big room; dance pop; edm; pop; pop dance,https://open.spotify.com/artist/1vCWHaC5f2uS3yhpwWbIA6,https://i.scdn.co/image/81b19a403109c4fe528ee3972137127b85be9519,84
"12153521253",28,"5nCi3BB41mBaMH9gfr6Su0",Long,fun.,baroque pop; metropopolis; modern rock; pop; pop rock,https://open.spotify.com/artist/5nCi3BB41mBaMH9gfr6Su0,https://i.scdn.co/image/37bc85c957e17d3463ae40da1c8ade6bb5ecd546,71
"12120382831",29,"4O15NlyKLIASxsJ0PrXPfz",Long,Lil Uzi Vert,melodic rap; philly rap; rap; trap,https://open.spotify.com/artist/4O15NlyKLIASxsJ0PrXPfz,https://i.scdn.co/image/271c672ac7a84a95f3c557177a29b8936923d152,91
"12153521253",29,"6N1GBr0koYYU0W59ECgg5u",Long,The Theorist,classify; piano cover,https://open.spotify.com/artist/6N1GBr0koYYU0W59ECgg5u,https://i.scdn.co/image/90d055a67da2f9bd389363951959cb436d7a872c,51
"12153521253",30,"5P5FTygHyx2G57oszR3Wot",Long,Daughtry,alternative metal; neo mellow; pop rock; post-grunge,https://open.spotify.com/artist/5P5FTygHyx2G57oszR3Wot,https://i.scdn.co/image/d048513087503721f3493d85d3856a23f1a6fe0e,67
"12120382831",30,"6oMuImdp5ZcFhWP0ESe6mG",Long,Migos,atl hip hop; hip hop; pop rap; rap; trap,https://open.spotify.com/artist/6oMuImdp5ZcFhWP0ESe6mG,https://i.scdn.co/image/ba2d3bfa4c427f1a12ec667f4138bb5d3ecd661c,82
"12153521253",31,"7CQwac16i1W5ej8YpuL3dv",Long,Boyce Avenue,neo mellow; pop rock; viral pop,https://open.spotify.com/artist/7CQwac16i1W5ej8YpuL3dv,https://i.scdn.co/image/607758d6f4fa70670024531ce197588a4761b742,74
"12120382831",31,"1QAJqy2dA3ihHBFIHRphZj",Long,Cigarettes After Sex,ambient pop; dream pop; el paso indie; shoegaze,https://open.spotify.com/artist/1QAJqy2dA3ihHBFIHRphZj,https://i.scdn.co/image/074a07d0cbf2a30290b5b55b152952e3c7011341,75
"12153521253",32,"73sIBHcqh3Z3NyqHKZ7FOL",Long,Childish Gambino,atl hip hop; hip hop; pop rap; rap,https://open.spotify.com/artist/73sIBHcqh3Z3NyqHKZ7FOL,https://i.scdn.co/image/2e1d974c14fb66eb5050bf3526c84c4f6e2f47ae,80
"12120382831",32,"1VPmR4DJC1PlOtd0IADAO0",Long,$uicideBoy$,dark trap; new orleans rap; underground hip hop,https://open.spotify.com/artist/1VPmR4DJC1PlOtd0IADAO0,https://i.scdn.co/image/2d1e0c2edbb23b01d494b21a0ace0a56dfdae968,84
"12153521253",33,"4gzpq5DPGxSnKTe4SA8HAU",Long,Coldplay,permanent wave; pop,https://open.spotify.com/artist/4gzpq5DPGxSnKTe4SA8HAU,https://i.scdn.co/image/4ffd6710617d289699cc0df60cf975e316025119,89
"12120382831",33,"2ZRQcIgzPCVaT9XKhXZIzh",Long,Gryffin,dance pop; edm; pop; pop dance; tropical house,https://open.spotify.com/artist/2ZRQcIgzPCVaT9XKhXZIzh,https://i.scdn.co/image/fae69f9be45e100ad9e09c77ced5ee468a5cb976,76
"12153521253",34,"4BxCuXFJrSWGi1KHcVqaU4",Long,Kodaline,irish pop; modern rock; pop; pop rock,https://open.spotify.com/artist/4BxCuXFJrSWGi1KHcVqaU4,https://i.scdn.co/image/09b8d9b95ef677ec6c10aff296371dceb58057b9,75
"12120382831",34,"7aA592KWirLsnfb5ulGWvU",Long,Danny Brown,alternative hip hop; detroit hip hop; escape room; hip hop; rap; underground hip hop,https://open.spotify.com/artist/7aA592KWirLsnfb5ulGWvU,https://i.scdn.co/image/5a9b9840b9fd0b75d862a0b0a3c0af787901d4ab,63
"12153521253",35,"1EpyA68dKpjf7jXmQL88Hy",Long,Noname,alternative r&b; chicago rap; escape room; hip hop; indie soul; neo soul; underground hip hop,https://open.spotify.com/artist/1EpyA68dKpjf7jXmQL88Hy,https://i.scdn.co/image/0bb3039ddf466204875be9f547fc2be7bbb5760c,61
"12120382831",35,"1G9G7WwrXka3Z1r7aIDjI7",Long,Outkast,atl hip hop; dirty south rap; hip hop; rap; southern hip hop,https://open.spotify.com/artist/1G9G7WwrXka3Z1r7aIDjI7,https://i.scdn.co/image/b75549797c6fe7d45a9f8c95aa0cfbd91ff582b4,77
"12120382831",36,"6fxyWrfmjcbj5d12gXeiNV",Long,Denzel Curry,dark trap; drill; hip hop; miami hip hop; rap; trap; underground hip hop,https://open.spotify.com/artist/6fxyWrfmjcbj5d12gXeiNV,https://i.scdn.co/image/f626d6487728cb7639a61bb473bb584f24353561,75
"12153521253",36,"5ZS223C6JyBfXasXxrRqOk",Long,Jhené Aiko,alternative r&b; dance pop; pop; r&b; urban contemporary,https://open.spotify.com/artist/5ZS223C6JyBfXasXxrRqOk,https://i.scdn.co/image/f677fc21079ba4985debb4d1b3b4eb9cd7554ec8,82
"12120382831",37,"1RyvyyTE3xzB2ZywiAwp0i",Long,Future,atl hip hop; pop rap; rap; southern hip hop; trap,https://open.spotify.com/artist/1RyvyyTE3xzB2ZywiAwp0i,https://i.scdn.co/image/f29832dafb705339f45275679d1e9ba76cf6aec1,91
"12153521253",37,"163tK9Wjr9P9DmM0AVK7lm",Long,Lorde,art pop; dance pop; electropop; metropopolis; nz pop; pop; pop dance; post-teen pop,https://open.spotify.com/artist/163tK9Wjr9P9DmM0AVK7lm,https://i.scdn.co/image/d25fc756cd04c8b3ea196b7c07c6d057685cc405,79
"12120382831",38,"5cIc3SBFuBLVxJz58W2tU9",Long,Oh Wonder,electropop; indie pop; indie poptimism; pop,https://open.spotify.com/artist/5cIc3SBFuBLVxJz58W2tU9,https://i.scdn.co/image/b34c6322f787c61e0be5616c59d528de9aaf5a09,73
"12153521253",38,"0jNDKefhfSbLR9sFvcPLHo",Long,San Holo,edm; electro house; electronic trap; electropop; future bass; pop dance; pop edm; vapor twitch,https://open.spotify.com/artist/0jNDKefhfSbLR9sFvcPLHo,https://i.scdn.co/image/65ac17c15f49dbd226f321e986a874471df303da,65
"12153521253",39,"3Gm5F95VdRxW3mqCn8RPBJ",Long,Aminé,hip hop; pop rap; portland hip hop; rap; underground hip hop,https://open.spotify.com/artist/3Gm5F95VdRxW3mqCn8RPBJ,https://i.scdn.co/image/e2d488d9e4eb7eed9283280e4038a5be0bd3becb,77
"12120382831",39,"20wkVLutqVOYrc0kxFs7rA",Long,Daniel Caesar,canadian contemporary r&b; pop,https://open.spotify.com/artist/20wkVLutqVOYrc0kxFs7rA,https://i.scdn.co/image/f9dbecfbec79585821a0058c96fde9a57b9c106c,78
"12120382831",40,"4RnBFZRiMLRyZy0AzzTg2C",Long,Run The Jewels,hip hop; political hip hop,https://open.spotify.com/artist/4RnBFZRiMLRyZy0AzzTg2C,https://i.scdn.co/image/46948c4b3d16f9a42cb16066e46d55a8d8b1c10f,70
"12153521253",40,"6LuN9FCkKOj5PcnpouEgny",Long,Khalid,alternative r&b; pop,https://open.spotify.com/artist/6LuN9FCkKOj5PcnpouEgny,https://i.scdn.co/image/480468924609319ff2c0ed518082be473793552a,90
"12153521253",41,"13ubrt8QOOCPljQ2FL1Kca",Long,A$AP Rocky,east coast hip hop; hip hop; rap; trap; underground hip hop,https://open.spotify.com/artist/13ubrt8QOOCPljQ2FL1Kca,https://i.scdn.co/image/cce607c4d975ae49d68b484eaef51a6413fa73b1,84
"12120382831",41,"4L0gz16xuM1as1OgYzh1SR",Long,Kensuke Ushio,anime score; japanese soundtrack; otacore,https://open.spotify.com/artist/4L0gz16xuM1as1OgYzh1SR,https://i.scdn.co/image/3d7d99b9f3b21c73136d472b47725f20cc6410e8,60
"12153521253",42,"7CajNmpbOovFoOoasH2HaY",Long,Calvin Harris,dance pop; edm; electro house; house; pop; pop dance; progressive house; uk dance,https://open.spotify.com/artist/7CajNmpbOovFoOoasH2HaY,https://i.scdn.co/image/af53b9a94b36d4d1af390841f23b7d7c4fcaf9b8,86
"12120382831",42,"1URnnhqYAYcrqrcwql10ft",Long,"21 Savage",atl hip hop; rap; trap,https://open.spotify.com/artist/1URnnhqYAYcrqrcwql10ft,https://i.scdn.co/image/fcbc4560c03099fec55cf55054932ca3808e33d3,88
"12120382831",43,"3dz0NnIZhtKKeXZxLOxCam",Long,Porter Robinson,big room; brostep; complextro; edm; electro house; moombahton; progressive electro house,https://open.spotify.com/artist/3dz0NnIZhtKKeXZxLOxCam,https://i.scdn.co/image/b35548da90adec80caae768cb6ec5a75638f9368,66
"12153521253",43,"0Vw76uk7P8yVtTClWyOhac",Long,HONNE,pop; uk pop,https://open.spotify.com/artist/0Vw76uk7P8yVtTClWyOhac,https://i.scdn.co/image/67f383563a69822108155fd0b80b8b0a12f0869f,72
"12153521253",44,"6vWDO969PvNqNYHIOW5v0m",Long,Beyoncé,dance pop; pop; post-teen pop; r&b,https://open.spotify.com/artist/6vWDO969PvNqNYHIOW5v0m,https://i.scdn.co/image/ad8b0e5a18a5a443a2678768bd73f59833941abc,87
"12120382831",44,"6TQj5BFPooTa08A7pk8AQ1",Long,Kaskade,big room; chicago house; edm; electro house; house; pop; pop dance; progressive house; tropical house; vocal house,https://open.spotify.com/artist/6TQj5BFPooTa08A7pk8AQ1,https://i.scdn.co/image/97d416a8ffb59ec86022434ce323ee01f5c8e265,72
"12153521253",45,"1CoZyIx7UvdxT5c8UkMzHd",Long,Jorja Smith,pop; uk contemporary r&b,https://open.spotify.com/artist/1CoZyIx7UvdxT5c8UkMzHd,https://i.scdn.co/image/553ec9728cc53f47b8d7d5f23f17a1e1957122c2,77
"12120382831",45,"3Rq3YOF9YG9YfCWD4D56RZ",Long,Nujabes,chillhop; downtempo; japanese chillhop; jazz rap,https://open.spotify.com/artist/3Rq3YOF9YG9YfCWD4D56RZ,https://i.scdn.co/image/893d9987e484b87e034f67407da2d9c4e4657914,64
"12153521253",46,"20JZFwl6HVl6yg8a4H3ZqK",Long,Panic! At The Disco,baroque pop; emo; modern rock,https://open.spotify.com/artist/20JZFwl6HVl6yg8a4H3ZqK,https://i.scdn.co/image/58518a04cdd1f20a24cf0545838f3a7b775f8080,82
"12120382831",46,"15UsOTVnJzReFVN1VCnxy4",Long,XXXTENTACION,emo rap; miami hip hop,https://open.spotify.com/artist/15UsOTVnJzReFVN1VCnxy4,https://i.scdn.co/image/942afa81f0a2298ead0c154fb7b4b606de48d9e6,92
"12153521253",47,"5Pwc4xIPtQLFEnJriah9YJ",Long,OneRepublic,dance pop; neo mellow; piano rock; pop; pop rock,https://open.spotify.com/artist/5Pwc4xIPtQLFEnJriah9YJ,https://i.scdn.co/image/5d3c1ba4fe1c8bf44591864e725d7b0f98e46755,83
"12120382831",47,"0c173mlxpT3dSFRgMO8XPh",Long,Big Sean,detroit hip hop; hip hop; pop rap; rap; southern hip hop; trap,https://open.spotify.com/artist/0c173mlxpT3dSFRgMO8XPh,https://i.scdn.co/image/c34667b11ae7fe716a8bcbf14ecc4683da255542,85
"12120382831",48,"0ONHkAv9pCAFxb0zJwDNTy",Long,Pusha T,gangster rap; hip hop; pop rap; rap; southern hip hop; trap; underground hip hop; virginia hip hop,https://open.spotify.com/artist/0ONHkAv9pCAFxb0zJwDNTy,https://i.scdn.co/image/9af694963c6fea22c1f1ec23771b9c39fd13c281,72
"12153521253",48,"0jW6R8CVyVohuUJVcuweDI",Long,The Piano Guys,bow pop; classify,https://open.spotify.com/artist/0jW6R8CVyVohuUJVcuweDI,https://i.scdn.co/image/4455bd021e21611e4a6669c97aab44618ea8417d,70
"12153521253",49,"7H6dkUChT5EoOQtUVMg4cN",Long,Hunter Hayes,contemporary country; country; country road; modern country rock; neo mellow; pop; pop rock; post-teen pop,https://open.spotify.com/artist/7H6dkUChT5EoOQtUVMg4cN,https://i.scdn.co/image/9b7cc78b65e03afcb2c3a4a79e0a4e9815308deb,64
"12120382831",49,"21mKp7DqtSNHhCAU2ugvUw",Long,ODESZA,chillwave; ninja,https://open.spotify.com/artist/21mKp7DqtSNHhCAU2ugvUw,https://i.scdn.co/image/2d45e04208b55f434f31c6a46ee33e1693d23a9b,72
"12153521253",50,"06HL4z0CvFAxyc27GXpf02",Long,Taylor Swift,pop,https://open.spotify.com/artist/06HL4z0CvFAxyc27GXpf02,https://i.scdn.co/image/3c5d5f324e0a7fc40b8dbb4b6cee181ca4434113,98
"12120382831",50,"5Q81rlcTFh3k6DQJXPdsot",Long,Mura Masa,channel islands indie; edm; vapor soul,https://open.spotify.com/artist/5Q81rlcTFh3k6DQJXPdsot,https://i.scdn.co/image/f8d7504b196ac2a1a4369283d1ca6e35cec3b1f3,68
"12153521253",1,"5JZ7CnR6gTvEMKX4g70Amv",Medium,Lauv,electropop; pop; post-teen pop,https://open.spotify.com/artist/5JZ7CnR6gTvEMKX4g70Amv,https://i.scdn.co/image/53020d6fc2c13f28188f8cf046f996d6f716685e,85
"12120382831",1,"2elBjNSdBE2Y3f0j1mjrql",Medium,Jay Chou,c-pop; mandopop; taiwan pop; zhongguo feng,https://open.spotify.com/artist/2elBjNSdBE2Y3f0j1mjrql,https://i.scdn.co/image/0e5952203ea0140aa5687fccee5a7fa1d61bb3d6,73
"12153521253",2,"3mIj9lX2MWuHmhNCA7LSCW",Medium,The 1975,modern alternative rock; modern rock; nu gaze; pop; rock,https://open.spotify.com/artist/3mIj9lX2MWuHmhNCA7LSCW,https://i.scdn.co/image/94dd2feca73bdfb7e1c12751b499ec0a46024866,79
"12120382831",2,"3mIj9lX2MWuHmhNCA7LSCW",Medium,The 1975,modern alternative rock; modern rock; nu gaze; pop; rock,https://open.spotify.com/artist/3mIj9lX2MWuHmhNCA7LSCW,https://i.scdn.co/image/94dd2feca73bdfb7e1c12751b499ec0a46024866,79
"12153521253",3,"20wkVLutqVOYrc0kxFs7rA",Medium,Daniel Caesar,canadian contemporary r&b; pop,https://open.spotify.com/artist/20wkVLutqVOYrc0kxFs7rA,https://i.scdn.co/image/f9dbecfbec79585821a0058c96fde9a57b9c106c,78
"12120382831",3,"6FBDaR13swtiWwGhX1WQsP",Medium,blink-182,pop punk; punk; socal pop punk,https://open.spotify.com/artist/6FBDaR13swtiWwGhX1WQsP,https://i.scdn.co/image/345f0de2b6bdadd50e7b5236324e9d2d1253a7d1,79
"12153521253",4,"5cIc3SBFuBLVxJz58W2tU9",Medium,Oh Wonder,electropop; indie pop; indie poptimism; pop,https://open.spotify.com/artist/5cIc3SBFuBLVxJz58W2tU9,https://i.scdn.co/image/b34c6322f787c61e0be5616c59d528de9aaf5a09,73
"12120382831",4,"3MZsBdqDrRTJihTHQrO6Dq",Medium,Joji,alternative r&b; viral pop,https://open.spotify.com/artist/3MZsBdqDrRTJihTHQrO6Dq,https://i.scdn.co/image/946502271a52151aae958c8d5bfefc1088e50886,86
"12120382831",5,"5K4W6rqBFWDnAN6FQUkS6x",Medium,Kanye West,chicago rap; rap,https://open.spotify.com/artist/5K4W6rqBFWDnAN6FQUkS6x,https://i.scdn.co/image/bd1c6fdf3705cf9b7d0c8ac8e7bbed98e31a1559,90
"12153521253",5,"1anyVhU62p31KFi8MEzkbf",Medium,Chance the Rapper,chicago rap; conscious hip hop; hip hop; pop rap; rap,https://open.spotify.com/artist/1anyVhU62p31KFi8MEzkbf,https://i.scdn.co/image/7c9126d528200d1f31b001aaf08a3f2de3032bcc,85
"12153521253",6,"49tQo2QULno7gxHutgccqF",Medium,LANY,la pop; pop,https://open.spotify.com/artist/49tQo2QULno7gxHutgccqF,https://i.scdn.co/image/72d54a66f7226fb51c2ca9943b7b54ceb8762670,78
"12120382831",6,"0jNDKefhfSbLR9sFvcPLHo",Medium,San Holo,edm; electro house; electronic trap; electropop; future bass; pop dance; pop edm; vapor twitch,https://open.spotify.com/artist/0jNDKefhfSbLR9sFvcPLHo,https://i.scdn.co/image/65ac17c15f49dbd226f321e986a874471df303da,65
"12120382831",7,"3AA28KZvwAUcZuOKwyblJQ",Medium,Gorillaz,alternative hip hop,https://open.spotify.com/artist/3AA28KZvwAUcZuOKwyblJQ,https://i.scdn.co/image/ac945f862e51de5d2a7a0647736d7a1b4217f0f8,82
"12153521253",7,"3Nrfpe0tUJi4K4DXYWgMUX",Medium,BTS,k-pop; k-pop boy group,https://open.spotify.com/artist/3Nrfpe0tUJi4K4DXYWgMUX,https://i.scdn.co/image/8ef1003d0cab2411ebc066ae9e50c01dceaf4e6c,96
"12153521253",8,"2h93pZq0e7k5yf4dywlkpM",Medium,Frank Ocean,alternative r&b; hip hop; lgbtq+ hip hop; neo soul; pop,https://open.spotify.com/artist/2h93pZq0e7k5yf4dywlkpM,https://i.scdn.co/image/7db34c8aace6feb91f38601bb75e6b3301b4657a,85
"12120382831",8,"2h93pZq0e7k5yf4dywlkpM",Medium,Frank Ocean,alternative r&b; hip hop; lgbtq+ hip hop; neo soul; pop,https://open.spotify.com/artist/2h93pZq0e7k5yf4dywlkpM,https://i.scdn.co/image/7db34c8aace6feb91f38601bb75e6b3301b4657a,85
"12120382831",9,"0qT79UgT5tY4yudH9VfsdT",Medium,Sum 41,alternative metal; canadian pop punk; canadian punk; pop punk; punk,https://open.spotify.com/artist/0qT79UgT5tY4yudH9VfsdT,https://i.scdn.co/image/3ad9fb703dffe649bec3ec92abccbb280276316b,73
"12153521253",9,"5v5UYx58FiFAcbWIjZ4kPB",Medium,Norman Dück,classify,https://open.spotify.com/artist/5v5UYx58FiFAcbWIjZ4kPB,https://i.scdn.co/image/3b1014b8703826b0857bb77c0a95c195fe972007,59
"12120382831",10,"7FBcuc1gsnv6Y1nwFtNRCb",Medium,My Chemical Romance,emo; pop punk,https://open.spotify.com/artist/7FBcuc1gsnv6Y1nwFtNRCb,https://i.scdn.co/image/bab47daddd2c01b0ee83e54536aa7e2c77ba7c14,79
"12153521253",10,"3gIRvgZssIb9aiirIg0nI3",Medium,Jeremy Zucker,electropop; pop,https://open.spotify.com/artist/3gIRvgZssIb9aiirIg0nI3,https://i.scdn.co/image/5f38c2f0e308e8f55d9e7c5608edfa27e806bb9f,80
"12153521253",11,"4qIVPF0s71ZYW3qzhu5GkF",Medium,Kina,pop; sad rap,https://open.spotify.com/artist/4qIVPF0s71ZYW3qzhu5GkF,https://i.scdn.co/image/b94b31a2fa825319d0f9ef1812b6ec2163add35e,77
"12120382831",11,"7CajNmpbOovFoOoasH2HaY",Medium,Calvin Harris,dance pop; edm; electro house; house; pop; pop dance; progressive house; uk dance,https://open.spotify.com/artist/7CajNmpbOovFoOoasH2HaY,https://i.scdn.co/image/af53b9a94b36d4d1af390841f23b7d7c4fcaf9b8,86
"12153521253",12,"1QAJqy2dA3ihHBFIHRphZj",Medium,Cigarettes After Sex,ambient pop; dream pop; el paso indie; shoegaze,https://open.spotify.com/artist/1QAJqy2dA3ihHBFIHRphZj,https://i.scdn.co/image/074a07d0cbf2a30290b5b55b152952e3c7011341,75
"12120382831",12,"4gzpq5DPGxSnKTe4SA8HAU",Medium,Coldplay,permanent wave; pop,https://open.spotify.com/artist/4gzpq5DPGxSnKTe4SA8HAU,https://i.scdn.co/image/4ffd6710617d289699cc0df60cf975e316025119,89
"12153521253",13,"2TAqN8fwfaKauvviN4pOsv",Medium,JC Stewart,indie anthem-folk; indie cafe pop; uk pop,https://open.spotify.com/artist/2TAqN8fwfaKauvviN4pOsv,https://i.scdn.co/image/e048a6bbb200f91421724b7ec6790f3b294e1397,65
"12120382831",13,"0fA0VVWsXO9YnASrzqfmYu",Medium,Kid Cudi,ohio hip hop; pop rap; rap,https://open.spotify.com/artist/0fA0VVWsXO9YnASrzqfmYu,https://i.scdn.co/image/4cb57ae1ef87546455db9cf65ba414c311ff459a,90
"12120382831",14,"1t20wYnTiAT0Bs7H1hv9Wt",Medium,EDEN,electropop; indie poptimism; modern rock; pop,https://open.spotify.com/artist/1t20wYnTiAT0Bs7H1hv9Wt,https://i.scdn.co/image/6b2dab69ec6152bc06f44a6c1c03dd0f08ab1216,72
"12153521253",14,"4BxCuXFJrSWGi1KHcVqaU4",Medium,Kodaline,irish pop; modern rock; pop; pop rock,https://open.spotify.com/artist/4BxCuXFJrSWGi1KHcVqaU4,https://i.scdn.co/image/09b8d9b95ef677ec6c10aff296371dceb58057b9,75
"12153521253",15,"3IunaFjvNKj98JW89JYv9u",Medium,The Japanese House,electropop; indie pop; indie poptimism; indietronica; modern dream pop; vapor soul,https://open.spotify.com/artist/3IunaFjvNKj98JW89JYv9u,https://i.scdn.co/image/848b92c2487efb37ba4c75bc25a242c7b2785440,64
"12120382831",15,"1Xyo4u8uXC1ZmMpatF05PJ",Medium,The Weeknd,canadian contemporary r&b; canadian pop; pop,https://open.spotify.com/artist/1Xyo4u8uXC1ZmMpatF05PJ,https://i.scdn.co/image/d9a875c37277c35b94c60c00d2cd256db098505d,94
"12120382831",16,"4V8LLVI7PbaPR0K2TGSxFF",Medium,"Tyler, The Creator",hip hop; rap,https://open.spotify.com/artist/4V8LLVI7PbaPR0K2TGSxFF,https://i.scdn.co/image/fe839f5bd121774e64f377b5eead237c69a01711,84
"12153521253",16,"0X2BH1fck6amBIoJhDVmmJ",Medium,Ellie Goulding,dance pop; edm; indietronica; metropopolis; pop; pop dance; post-teen pop; uk pop,https://open.spotify.com/artist/0X2BH1fck6amBIoJhDVmmJ,https://i.scdn.co/image/a388e46a249aefdde904fed0b6f01b759746738b,82
"12153521253",17,"3kzwYV3OCB010YfXMF0Avt",Medium,Alvvays,indie pop; indie rock; shoegaze; toronto indie,https://open.spotify.com/artist/3kzwYV3OCB010YfXMF0Avt,https://i.scdn.co/image/098b97354be95aa4e5f3cabfd66870f8252984fa,59
"12120382831",17,"13ubrt8QOOCPljQ2FL1Kca",Medium,A$AP Rocky,east coast hip hop; hip hop; rap; trap; underground hip hop,https://open.spotify.com/artist/13ubrt8QOOCPljQ2FL1Kca,https://i.scdn.co/image/cce607c4d975ae49d68b484eaef51a6413fa73b1,84
"12120382831",18,"7oPftvlwr6VrsViSDV7fJY",Medium,Green Day,permanent wave; pop punk; punk,https://open.spotify.com/artist/7oPftvlwr6VrsViSDV7fJY,https://i.scdn.co/image/e0a127469d23c3959e80e82941bcaba0146472ae,82
"12153521253",18,"7hrJrU2yFtaDBuXpKa5CcH",Medium,Blissful Radiance,"",https://open.spotify.com/artist/7hrJrU2yFtaDBuXpKa5CcH,https://i.scdn.co/image/5e9862a70dd13d9411750af5f5bfc4b1a7f6d78f,48
"12153521253",19,"4n9z9czt00gzw36hdoVU3G",Medium,Kainbeats,"",https://open.spotify.com/artist/4n9z9czt00gzw36hdoVU3G,https://i.scdn.co/image/dd788405e49ebb25ea154e8d9fb80a56d4a28262,58
"12120382831",19,"5o8Wylae9k23IEJMIiwd8s",Medium,The Antlers,brooklyn indie; chamber pop; dream pop; freak folk; indie folk; indie pop; indie rock; melancholia; stomp and holler,https://open.spotify.com/artist/5o8Wylae9k23IEJMIiwd8s,https://i.scdn.co/image/ca2265334cbb40731ef04ac591ca5970fea7c0d2,49
"12153521253",20,"06HL4z0CvFAxyc27GXpf02",Medium,Taylor Swift,pop,https://open.spotify.com/artist/06HL4z0CvFAxyc27GXpf02,https://i.scdn.co/image/3c5d5f324e0a7fc40b8dbb4b6cee181ca4434113,98
"12120382831",20,"69GGBxA162lTqCwzJG5jLp",Medium,The Chainsmokers,dance pop; edm; electropop; pop; pop dance; tropical house,https://open.spotify.com/artist/69GGBxA162lTqCwzJG5jLp,https://i.scdn.co/image/960547a625bc2eb742bb3dd170cbc049d2e94cf9,84
"12120382831",21,"73sIBHcqh3Z3NyqHKZ7FOL",Medium,Childish Gambino,atl hip hop; hip hop; pop rap; rap,https://open.spotify.com/artist/73sIBHcqh3Z3NyqHKZ7FOL,https://i.scdn.co/image/2e1d974c14fb66eb5050bf3526c84c4f6e2f47ae,80
"12153521253",21,"0Vw76uk7P8yVtTClWyOhac",Medium,HONNE,pop; uk pop,https://open.spotify.com/artist/0Vw76uk7P8yVtTClWyOhac,https://i.scdn.co/image/67f383563a69822108155fd0b80b8b0a12f0869f,72
"12153521253",22,"1W7FNibLa0O0b572tB2w7t",Medium,Pink Sweat$,bedroom soul; pop,https://open.spotify.com/artist/1W7FNibLa0O0b572tB2w7t,https://i.scdn.co/image/c9d0a7271b1906ff47eba7a38dbd91114f18e2ae,77
"12120382831",22,"1EowJ1WwkMzkCkRomFhui7",Medium,RADWIMPS,j-pop; j-poprock; j-rock; japanese emo; visual kei,https://open.spotify.com/artist/1EowJ1WwkMzkCkRomFhui7,https://i.scdn.co/image/dcce11b6c3797bba9852892dda99b85cf4c58861,73
"12120382831",23,"6HCnsY0Rxi3cg53xreoAIm",Medium,Emancipator,downtempo; electronica; livetronica; trip hop,https://open.spotify.com/artist/6HCnsY0Rxi3cg53xreoAIm,https://i.scdn.co/image/462786c3ee42d34b975c994e4bbbf0b9f3199a02,62
"12153521253",23,"1Xyo4u8uXC1ZmMpatF05PJ",Medium,The Weeknd,canadian contemporary r&b; canadian pop; pop,https://open.spotify.com/artist/1Xyo4u8uXC1ZmMpatF05PJ,https://i.scdn.co/image/d9a875c37277c35b94c60c00d2cd256db098505d,94
"12120382831",24,"0Y5tJX1MQlPlqiwlOH1tJY",Medium,Travis Scott,rap,https://open.spotify.com/artist/0Y5tJX1MQlPlqiwlOH1tJY,https://i.scdn.co/image/ef784cfa3f4f87d656d3dfa5eedf0a24610faba9,93
"12153521253",24,"77SW9BnxLY8rJ0RciFqkHh",Medium,The Neighbourhood,modern alternative rock; modern rock; pop,https://open.spotify.com/artist/77SW9BnxLY8rJ0RciFqkHh,https://i.scdn.co/image/81d31c929ec253818512cd51aacdc6e6960f78bd,85
"12153521253",25,"2zYmFMkDco03qam6Nx4uir",Medium,Frozen Silence,commons,https://open.spotify.com/artist/2zYmFMkDco03qam6Nx4uir,https://i.scdn.co/image/1ff9f36479718954c898f045b512f834e04f2453,53
"12120382831",25,"0Riv2KnFcLZA3JSVryRg4y",Medium,Hiroyuki Sawano,anime score; japanese soundtrack; otacore,https://open.spotify.com/artist/0Riv2KnFcLZA3JSVryRg4y,https://i.scdn.co/image/7d49d81da712574ad70809df6545552e47856274,68
"12120382831",26,"4MXUO7sVCaFgFjoTI5ox5c",Medium,Sufjan Stevens,baroque pop; chamber pop; freak folk; indie folk; singer-songwriter,https://open.spotify.com/artist/4MXUO7sVCaFgFjoTI5ox5c,https://i.scdn.co/image/9980e58868196afe7b58aaef79f61441a8d2907e,75
"12153521253",26,"4rTv3Ejc7hKMtmoBOK1B4T",Medium,Ali Gatie,canadian hip hop; pop,https://open.spotify.com/artist/4rTv3Ejc7hKMtmoBOK1B4T,https://i.scdn.co/image/612cbf7dfe8027a7e8cf94ac0e8f85a032e9ae27,78
"12153521253",27,"66CXWjxzNUsdJxJ2JdwvnR",Medium,Ariana Grande,pop; post-teen pop,https://open.spotify.com/artist/66CXWjxzNUsdJxJ2JdwvnR,https://i.scdn.co/image/f8c793519d837ca2f920c561535fe62ef32e8e5b,98
"12120382831",27,"4x2fCu6MNErew0pb64yOBO",Medium,Philippe Entremont,classical performance; french classical piano,https://open.spotify.com/artist/4x2fCu6MNErew0pb64yOBO,https://i.scdn.co/image/8db7814a886461b6097e359f6488533d230086e3,57
"12153521253",28,"0UEz6xrcjfraqk0XllMSk7",Medium,Matthew-Keane Q Wang,"",https://open.spotify.com/artist/0UEz6xrcjfraqk0XllMSk7,https://i.scdn.co/image/3b03b6ec8cb2a701d9af246e32710f391c8822d6,49
"12120382831",28,"0Y0QSi6lz1bPik5Ffjr8sd",Medium,Ekali,canadian electronic; edm; electro house; electronic trap; electropop; future bass; indie electropop; pop; pop dance; pop edm; vapor soul; vapor twitch,https://open.spotify.com/artist/0Y0QSi6lz1bPik5Ffjr8sd,https://i.scdn.co/image/581f16487ebf95f4ccf5c1d898563d5f8a9c6adf,57
"12120382831",29,"1ikID9RZZMvkuBGDWrqajq",Medium,Kasbo,edm; electropop; future bass; indie electropop; indie poptimism; pop dance; pop edm; swedish electropop; tropical house; vapor soul; vapor twitch,https://open.spotify.com/artist/1ikID9RZZMvkuBGDWrqajq,https://i.scdn.co/image/26dc349142868392b2bdb96a9b72130891f213db,61
"12153521253",29,"36RxHbl3Duv6WNJjOGPhV4",Medium,Morunas,classify,https://open.spotify.com/artist/36RxHbl3Duv6WNJjOGPhV4,https://i.scdn.co/image/51bd7645af2cf5428c0ff569897ac786f5a2309c,47
"12153521253",30,"4IqOAu4AYS5sfBV2fix4HW",Medium,Relaxing Instrumental Jazz Cafe,dinner jazz,https://open.spotify.com/artist/4IqOAu4AYS5sfBV2fix4HW,https://i.scdn.co/image/ab67616d0000b2738efdef3d6536daad5de4ad86,47
"12120382831",30,"45eNHdiiabvmbp4erw26rg",Medium,ILLENIUM,edm; electropop; melodic dubstep; pop; pop dance; tropical house,https://open.spotify.com/artist/45eNHdiiabvmbp4erw26rg,https://i.scdn.co/image/cb843e45099dccf0fa4d6f4071e82603843547cb,78
"12153521253",31,"4npEfmQ6YuiwW1GpUmaq3F",Medium,Ava Max,dance pop; pop,https://open.spotify.com/artist/4npEfmQ6YuiwW1GpUmaq3F,https://i.scdn.co/image/72af688ea11f8c128b1cf6657913fa1924633192,85
"12120382831",31,"7wg1qvie3KqDNQbAkTdbX0",Medium,Louis The Child,edm; electropop; pop; pop dance; tropical house,https://open.spotify.com/artist/7wg1qvie3KqDNQbAkTdbX0,https://i.scdn.co/image/f847a408460d6f4f4b6c8416df55bae7f687accb,71
"12153521253",32,"2YZyLoL8N0Wb9xBt1NhZWg",Medium,Kendrick Lamar,conscious hip hop; hip hop; rap; west coast rap,https://open.spotify.com/artist/2YZyLoL8N0Wb9xBt1NhZWg,https://i.scdn.co/image/3a836196bfb341f736c7fe2704fb75de53f8dfbb,88
"12120382831",32,"1anyVhU62p31KFi8MEzkbf",Medium,Chance the Rapper,chicago rap; conscious hip hop; hip hop; pop rap; rap,https://open.spotify.com/artist/1anyVhU62p31KFi8MEzkbf,https://i.scdn.co/image/7c9126d528200d1f31b001aaf08a3f2de3032bcc,85
"12120382831",33,"3jK9MiCrA42lLAdMGUZpwa",Medium,Anderson .Paak,escape room,https://open.spotify.com/artist/3jK9MiCrA42lLAdMGUZpwa,https://i.scdn.co/image/4f7b3e759d12f5c996f07b6b9d082ff35ced0031,78
"12153521253",33,"2kxP07DLgs4xlWz8YHlvfh",Medium,NIKI,indonesian r&b; pop,https://open.spotify.com/artist/2kxP07DLgs4xlWz8YHlvfh,https://i.scdn.co/image/8e1d2fddeb9b7812ee53ed0da0cd2b2e02d1a4b3,74
"12153521253",34,"3WGpXCj9YhhfX11TToZcXP",Medium,Troye Sivan,australian pop; dance pop; electropop; pop; pop dance; post-teen pop; viral pop,https://open.spotify.com/artist/3WGpXCj9YhhfX11TToZcXP,https://i.scdn.co/image/457ae8b1846ae6f55ec5602ac97d62889646ee6d,80
"12120382831",34,"2i66H6Y7BoIctXC5Dfqp2Z",Medium,July,freakbeat,https://open.spotify.com/artist/2i66H6Y7BoIctXC5Dfqp2Z,https://i.scdn.co/image/ab67616d0000b2737d92bfef4fcafbfe19d10865,38
"12153521253",35,"5K4W6rqBFWDnAN6FQUkS6x",Medium,Kanye West,chicago rap; rap,https://open.spotify.com/artist/5K4W6rqBFWDnAN6FQUkS6x,https://i.scdn.co/image/bd1c6fdf3705cf9b7d0c8ac8e7bbed98e31a1559,90
"12120382831",35,"1Bl6wpkWCQ4KVgnASpvzzA",Medium,BROCKHAMPTON,boy band; hip hop; rap; underground hip hop,https://open.spotify.com/artist/1Bl6wpkWCQ4KVgnASpvzzA,https://i.scdn.co/image/c5d8db5b41cdf04a63ab8dc30c4f92a9b9005263,76
"12153521253",36,"7ePtJVNSHr0ccHyh0M9ASI",Medium,Dreaming Hiker,"",https://open.spotify.com/artist/7ePtJVNSHr0ccHyh0M9ASI,https://i.scdn.co/image/6ae77623948889b4eea6feb62b10a3816ed05665,46
"12120382831",36,"2YZyLoL8N0Wb9xBt1NhZWg",Medium,Kendrick Lamar,conscious hip hop; hip hop; rap; west coast rap,https://open.spotify.com/artist/2YZyLoL8N0Wb9xBt1NhZWg,https://i.scdn.co/image/3a836196bfb341f736c7fe2704fb75de53f8dfbb,88
"12120382831",37,"6TQj5BFPooTa08A7pk8AQ1",Medium,Kaskade,big room; chicago house; edm; electro house; house; pop; pop dance; progressive house; tropical house; vocal house,https://open.spotify.com/artist/6TQj5BFPooTa08A7pk8AQ1,https://i.scdn.co/image/97d416a8ffb59ec86022434ce323ee01f5c8e265,72
"12153521253",37,"1uNFoZAHBGtllmzznpCI3s",Medium,Justin Bieber,canadian pop; pop; post-teen pop,https://open.spotify.com/artist/1uNFoZAHBGtllmzznpCI3s,https://i.scdn.co/image/e4402b06501ef0e3e54ca88cdefc722e4ec7b05b,96
"12153521253",38,"45dkTj5sMRSjrmBSBeiHym",Medium,Tate McRae,dance pop; electropop; pop; post-teen pop,https://open.spotify.com/artist/45dkTj5sMRSjrmBSBeiHym,https://i.scdn.co/image/9f48d83da5df3b3493a9e557f215af6265673908,83
"12120382831",38,"6YJ4EgQzDfJnIHRbqIHAdD",Medium,Idealism,chillhop; lo-fi beats,https://open.spotify.com/artist/6YJ4EgQzDfJnIHRbqIHAdD,https://i.scdn.co/image/6818ac8dfe7a478f1160ce0950e2a62c1feaea51,67
"12120382831",39,"7dGJo4pcD2V6oG8kP0tJRR",Medium,Eminem,detroit hip hop; hip hop; rap,https://open.spotify.com/artist/7dGJo4pcD2V6oG8kP0tJRR,https://i.scdn.co/image/56f4762485066b4ef867b96e16775f2b5b4db277,94
"12153521253",39,"4jGPdu95icCKVF31CcFKbS",Medium,Gentle Bones,chill r&b; indie cafe pop; singaporean pop,https://open.spotify.com/artist/4jGPdu95icCKVF31CcFKbS,https://i.scdn.co/image/3aeeff468f17895e1170c3052991fbdeff4bcbde,55
"12153521253",40,"13ubrt8QOOCPljQ2FL1Kca",Medium,A$AP Rocky,east coast hip hop; hip hop; rap; trap; underground hip hop,https://open.spotify.com/artist/13ubrt8QOOCPljQ2FL1Kca,https://i.scdn.co/image/cce607c4d975ae49d68b484eaef51a6413fa73b1,84
"12120382831",40,"7m19QokImp5BPScQNdfBpW",Medium,Igor Longhi,neo-classical,https://open.spotify.com/artist/7m19QokImp5BPScQNdfBpW,https://i.scdn.co/image/b3afef7360f613b9cbb581d046907c91a7ac4062,36
"12120382831",41,"3vzJueN7TkCtYpz1myVmDU",Medium,Dontcry,lo-fi beats,https://open.spotify.com/artist/3vzJueN7TkCtYpz1myVmDU,https://i.scdn.co/image/a961325d75bb7f9505b7aa184cbba57cb4a2217c,68
"12153521253",41,"3IaqL9bsZtYJkqNLiovVho",Medium,Handsome Ghost,hopebeat; indie anthem-folk; indie electropop; indie poptimism; indiecoustica; nyc pop,https://open.spotify.com/artist/3IaqL9bsZtYJkqNLiovVho,https://i.scdn.co/image/fa7d3a66afc99fc2f124a224f6cb0c2bac7ac918,45
"12153521253",42,"5IH6FPUwQTxPSXurCrcIov",Medium,Alec Benjamin,electropop; pop,https://open.spotify.com/artist/5IH6FPUwQTxPSXurCrcIov,https://i.scdn.co/image/3456c9584254a3269549795b0bd63e841a86e974,79
"12120382831",42,"62vbsDRAq0qHdezaCOzB0T",Medium,Medasin,edm; electronic trap; future bass; indie soul; vapor soul; vapor twitch,https://open.spotify.com/artist/62vbsDRAq0qHdezaCOzB0T,https://i.scdn.co/image/abe0ec511038521cb762dd2f79c1d1b2bb86812a,63
"12120382831",43,"2ZRQcIgzPCVaT9XKhXZIzh",Medium,Gryffin,dance pop; edm; pop; pop dance; tropical house,https://open.spotify.com/artist/2ZRQcIgzPCVaT9XKhXZIzh,https://i.scdn.co/image/fae69f9be45e100ad9e09c77ced5ee468a5cb976,76
"12153521253",43,"04gDigrS5kc9YWfZHwBETP",Medium,Maroon 5,pop; pop rock,https://open.spotify.com/artist/04gDigrS5kc9YWfZHwBETP,https://i.scdn.co/image/305c7c493ca5c108ade08dea6a169694db911644,88
"12153521253",44,"2gUMs9PE8XZVQyzCDqaYmW",Medium,High School Musical Cast,dance pop; post-teen pop,https://open.spotify.com/artist/2gUMs9PE8XZVQyzCDqaYmW,https://i.scdn.co/image/77b1746fba24b9bb6395b7574a12841491ebb800,67
"12120382831",44,"7185Q95lPFld0aoPqO6e0U",Medium,Blue Wednesday,chillhop; lo-fi beats,https://open.spotify.com/artist/7185Q95lPFld0aoPqO6e0U,https://i.scdn.co/image/0e512a4e12878a00d1b71ad89cceba045bcc444c,61
"12120382831",45,"00FQb4jTyendYWaN8pK0wa",Medium,Lana Del Rey,art pop; pop,https://open.spotify.com/artist/00FQb4jTyendYWaN8pK0wa,https://i.scdn.co/image/d79b3e6cc42de7f44c8f131ed9b3ed594202e400,85
"12153521253",45,"0hDjKSKjl1DC7ovYTDJHe8",Medium,Bruno Major,indie cafe pop; pop,https://open.spotify.com/artist/0hDjKSKjl1DC7ovYTDJHe8,https://i.scdn.co/image/48cd2786eb17683c880f4a5f1b72d6084492bff9,69
"12120382831",46,"5IcR3N7QB1j6KBL8eImZ8m",Medium,ScHoolboy Q,gangster rap; hip hop; pop rap; rap; southern hip hop; trap; underground hip hop,https://open.spotify.com/artist/5IcR3N7QB1j6KBL8eImZ8m,https://i.scdn.co/image/16e1c84dcb5ab6b682f113a048ed172ca3ca2ef6,77
"12153521253",46,"1IueXOQyABrMOprrzwQJWN",Medium,Sigala,dance pop; edm; pop; pop dance; tropical house,https://open.spotify.com/artist/1IueXOQyABrMOprrzwQJWN,https://i.scdn.co/image/a695b7c23e8f6ab695129491ed18d0fe6c6c1846,77
"12120382831",47,"0vqJkZ0RpLZixt3lTmD8vP",Medium,Whethan,edm; electropop; indie poptimism; pop; pop dance; tropical house; vapor soul,https://open.spotify.com/artist/0vqJkZ0RpLZixt3lTmD8vP,https://i.scdn.co/image/68e2b54d4d0cdf4c13ee763f08d1bd17549ed025,69
"12153521253",47,"23fqKkggKUBHNkbKtXEls4",Medium,Kygo,edm; pop; pop dance; tropical house,https://open.spotify.com/artist/23fqKkggKUBHNkbKtXEls4,https://i.scdn.co/image/eee84c026e93f6d970fdc82c5010c45219530577,86
"12153521253",48,"28VbaiiRmV4vk9O5ykVvCh",Medium,Jordy Chandra,focus beats; lo-fi beats,https://open.spotify.com/artist/28VbaiiRmV4vk9O5ykVvCh,https://i.scdn.co/image/3a139ebada0bfe25bb42aebd17b41879535a6f62,56
"12120382831",48,"6N4HlHINMvoTyAL0yhBUCk",Medium,Saib,chillhop; japanese chillhop; lo-fi beats,https://open.spotify.com/artist/6N4HlHINMvoTyAL0yhBUCk,https://i.scdn.co/image/5ee96737f2ab28baea74095b320c1653344c40ac,65
"12153521253",49,"3CdSdPQ1G7MjoUWr3Hm2P2",Medium,Michael Logozar,calming instrumental; neo-classical; new age piano,https://open.spotify.com/artist/3CdSdPQ1G7MjoUWr3Hm2P2,https://i.scdn.co/image/e962e67f94b8deab087a2be32238f54a2a22967d,51
"12120382831",49,"3TVXtAsR1Inumwj472S9r4",Medium,Drake,canadian hip hop; canadian pop; hip hop; pop rap; rap; toronto rap,https://open.spotify.com/artist/3TVXtAsR1Inumwj472S9r4,https://i.scdn.co/image/60cfab40c6bb160a1906be45276829d430058005,97
"12120382831",50,"50co4Is1HCEo8bhOyUWKpn",Medium,Young Thug,atl hip hop; atl trap; gangster rap; melodic rap; pop rap; rap; trap,https://open.spotify.com/artist/50co4Is1HCEo8bhOyUWKpn,https://i.scdn.co/image/69ef089edd03d6d5455ed61e96d27c7f5b995434,90
"12153521253",50,"3MZsBdqDrRTJihTHQrO6Dq",Medium,Joji,alternative r&b; viral pop,https://open.spotify.com/artist/3MZsBdqDrRTJihTHQrO6Dq,https://i.scdn.co/image/946502271a52151aae958c8d5bfefc1088e50886,86
"12120382831",1,"3mIj9lX2MWuHmhNCA7LSCW",Short,The 1975,modern alternative rock; modern rock; nu gaze; pop; rock,https://open.spotify.com/artist/3mIj9lX2MWuHmhNCA7LSCW,https://i.scdn.co/image/94dd2feca73bdfb7e1c12751b499ec0a46024866,79
"12153521253",1,"5JZ7CnR6gTvEMKX4g70Amv",Short,Lauv,electropop; pop; post-teen pop,https://open.spotify.com/artist/5JZ7CnR6gTvEMKX4g70Amv,https://i.scdn.co/image/53020d6fc2c13f28188f8cf046f996d6f716685e,85
"12153521253",2,"20wkVLutqVOYrc0kxFs7rA",Short,Daniel Caesar,canadian contemporary r&b; pop,https://open.spotify.com/artist/20wkVLutqVOYrc0kxFs7rA,https://i.scdn.co/image/f9dbecfbec79585821a0058c96fde9a57b9c106c,78
"12120382831",2,"2elBjNSdBE2Y3f0j1mjrql",Short,Jay Chou,c-pop; mandopop; taiwan pop; zhongguo feng,https://open.spotify.com/artist/2elBjNSdBE2Y3f0j1mjrql,https://i.scdn.co/image/0e5952203ea0140aa5687fccee5a7fa1d61bb3d6,73
"12153521253",3,"49tQo2QULno7gxHutgccqF",Short,LANY,la pop; pop,https://open.spotify.com/artist/49tQo2QULno7gxHutgccqF,https://i.scdn.co/image/72d54a66f7226fb51c2ca9943b7b54ceb8762670,78
"12120382831",3,"0fA0VVWsXO9YnASrzqfmYu",Short,Kid Cudi,ohio hip hop; pop rap; rap,https://open.spotify.com/artist/0fA0VVWsXO9YnASrzqfmYu,https://i.scdn.co/image/4cb57ae1ef87546455db9cf65ba414c311ff459a,90
"12153521253",4,"3mIj9lX2MWuHmhNCA7LSCW",Short,The 1975,modern alternative rock; modern rock; nu gaze; pop; rock,https://open.spotify.com/artist/3mIj9lX2MWuHmhNCA7LSCW,https://i.scdn.co/image/94dd2feca73bdfb7e1c12751b499ec0a46024866,79
"12120382831",4,"7CajNmpbOovFoOoasH2HaY",Short,Calvin Harris,dance pop; edm; electro house; house; pop; pop dance; progressive house; uk dance,https://open.spotify.com/artist/7CajNmpbOovFoOoasH2HaY,https://i.scdn.co/image/af53b9a94b36d4d1af390841f23b7d7c4fcaf9b8,86
"12120382831",5,"0Riv2KnFcLZA3JSVryRg4y",Short,Hiroyuki Sawano,anime score; japanese soundtrack; otacore,https://open.spotify.com/artist/0Riv2KnFcLZA3JSVryRg4y,https://i.scdn.co/image/7d49d81da712574ad70809df6545552e47856274,68
"12153521253",5,"4BxCuXFJrSWGi1KHcVqaU4",Short,Kodaline,irish pop; modern rock; pop; pop rock,https://open.spotify.com/artist/4BxCuXFJrSWGi1KHcVqaU4,https://i.scdn.co/image/09b8d9b95ef677ec6c10aff296371dceb58057b9,75
"12120382831",6,"3MZsBdqDrRTJihTHQrO6Dq",Short,Joji,alternative r&b; viral pop,https://open.spotify.com/artist/3MZsBdqDrRTJihTHQrO6Dq,https://i.scdn.co/image/946502271a52151aae958c8d5bfefc1088e50886,86
"12153521253",6,"1QAJqy2dA3ihHBFIHRphZj",Short,Cigarettes After Sex,ambient pop; dream pop; el paso indie; shoegaze,https://open.spotify.com/artist/1QAJqy2dA3ihHBFIHRphZj,https://i.scdn.co/image/074a07d0cbf2a30290b5b55b152952e3c7011341,75
"12120382831",7,"69GGBxA162lTqCwzJG5jLp",Short,The Chainsmokers,dance pop; edm; electropop; pop; pop dance; tropical house,https://open.spotify.com/artist/69GGBxA162lTqCwzJG5jLp,https://i.scdn.co/image/960547a625bc2eb742bb3dd170cbc049d2e94cf9,84
"12153521253",7,"3IunaFjvNKj98JW89JYv9u",Short,The Japanese House,electropop; indie pop; indie poptimism; indietronica; modern dream pop; vapor soul,https://open.spotify.com/artist/3IunaFjvNKj98JW89JYv9u,https://i.scdn.co/image/848b92c2487efb37ba4c75bc25a242c7b2785440,64
"12120382831",8,"5K4W6rqBFWDnAN6FQUkS6x",Short,Kanye West,chicago rap; rap,https://open.spotify.com/artist/5K4W6rqBFWDnAN6FQUkS6x,https://i.scdn.co/image/bd1c6fdf3705cf9b7d0c8ac8e7bbed98e31a1559,90
"12153521253",8,"77SW9BnxLY8rJ0RciFqkHh",Short,The Neighbourhood,modern alternative rock; modern rock; pop,https://open.spotify.com/artist/77SW9BnxLY8rJ0RciFqkHh,https://i.scdn.co/image/81d31c929ec253818512cd51aacdc6e6960f78bd,85
"12120382831",9,"6FBDaR13swtiWwGhX1WQsP",Short,blink-182,pop punk; punk; socal pop punk,https://open.spotify.com/artist/6FBDaR13swtiWwGhX1WQsP,https://i.scdn.co/image/345f0de2b6bdadd50e7b5236324e9d2d1253a7d1,79
"12153521253",9,"1Xyo4u8uXC1ZmMpatF05PJ",Short,The Weeknd,canadian contemporary r&b; canadian pop; pop,https://open.spotify.com/artist/1Xyo4u8uXC1ZmMpatF05PJ,https://i.scdn.co/image/d9a875c37277c35b94c60c00d2cd256db098505d,94
"12153521253",10,"3kzwYV3OCB010YfXMF0Avt",Short,Alvvays,indie pop; indie rock; shoegaze; toronto indie,https://open.spotify.com/artist/3kzwYV3OCB010YfXMF0Avt,https://i.scdn.co/image/098b97354be95aa4e5f3cabfd66870f8252984fa,59
"12120382831",10,"13ubrt8QOOCPljQ2FL1Kca",Short,A$AP Rocky,east coast hip hop; hip hop; rap; trap; underground hip hop,https://open.spotify.com/artist/13ubrt8QOOCPljQ2FL1Kca,https://i.scdn.co/image/cce607c4d975ae49d68b484eaef51a6413fa73b1,84
"12120382831",11,"2h93pZq0e7k5yf4dywlkpM",Short,Frank Ocean,alternative r&b; hip hop; lgbtq+ hip hop; neo soul; pop,https://open.spotify.com/artist/2h93pZq0e7k5yf4dywlkpM,https://i.scdn.co/image/7db34c8aace6feb91f38601bb75e6b3301b4657a,85
"12153521253",11,"5cIc3SBFuBLVxJz58W2tU9",Short,Oh Wonder,electropop; indie pop; indie poptimism; pop,https://open.spotify.com/artist/5cIc3SBFuBLVxJz58W2tU9,https://i.scdn.co/image/b34c6322f787c61e0be5616c59d528de9aaf5a09,73
"12120382831",12,"4V8LLVI7PbaPR0K2TGSxFF",Short,"Tyler, The Creator",hip hop; rap,https://open.spotify.com/artist/4V8LLVI7PbaPR0K2TGSxFF,https://i.scdn.co/image/fe839f5bd121774e64f377b5eead237c69a01711,84
"12153521253",12,"2h93pZq0e7k5yf4dywlkpM",Short,Frank Ocean,alternative r&b; hip hop; lgbtq+ hip hop; neo soul; pop,https://open.spotify.com/artist/2h93pZq0e7k5yf4dywlkpM,https://i.scdn.co/image/7db34c8aace6feb91f38601bb75e6b3301b4657a,85
"12120382831",13,"4gzpq5DPGxSnKTe4SA8HAU",Short,Coldplay,permanent wave; pop,https://open.spotify.com/artist/4gzpq5DPGxSnKTe4SA8HAU,https://i.scdn.co/image/4ffd6710617d289699cc0df60cf975e316025119,89
"12153521253",13,"3IaqL9bsZtYJkqNLiovVho",Short,Handsome Ghost,hopebeat; indie anthem-folk; indie electropop; indie poptimism; indiecoustica; nyc pop,https://open.spotify.com/artist/3IaqL9bsZtYJkqNLiovVho,https://i.scdn.co/image/fa7d3a66afc99fc2f124a224f6cb0c2bac7ac918,45
"12120382831",14,"7FBcuc1gsnv6Y1nwFtNRCb",Short,My Chemical Romance,emo; pop punk,https://open.spotify.com/artist/7FBcuc1gsnv6Y1nwFtNRCb,https://i.scdn.co/image/bab47daddd2c01b0ee83e54536aa7e2c77ba7c14,79
"12153521253",14,"5K4W6rqBFWDnAN6FQUkS6x",Short,Kanye West,chicago rap; rap,https://open.spotify.com/artist/5K4W6rqBFWDnAN6FQUkS6x,https://i.scdn.co/image/bd1c6fdf3705cf9b7d0c8ac8e7bbed98e31a1559,90
"12120382831",15,"6TQj5BFPooTa08A7pk8AQ1",Short,Kaskade,big room; chicago house; edm; electro house; house; pop; pop dance; progressive house; tropical house; vocal house,https://open.spotify.com/artist/6TQj5BFPooTa08A7pk8AQ1,https://i.scdn.co/image/97d416a8ffb59ec86022434ce323ee01f5c8e265,72
"12153521253",15,"25s9H1JQmTu3iuFzpXWUIg",Short,Stephan Moccio,background piano; christmas instrumental; neo-classical,https://open.spotify.com/artist/25s9H1JQmTu3iuFzpXWUIg,https://i.scdn.co/image/d56ca30d530a0e93737bdd450dcdaff9fa2316d5,67
"12120382831",16,"7oPftvlwr6VrsViSDV7fJY",Short,Green Day,permanent wave; pop punk; punk,https://open.spotify.com/artist/7oPftvlwr6VrsViSDV7fJY,https://i.scdn.co/image/e0a127469d23c3959e80e82941bcaba0146472ae,82
"12153521253",16,"2YZyLoL8N0Wb9xBt1NhZWg",Short,Kendrick Lamar,conscious hip hop; hip hop; rap; west coast rap,https://open.spotify.com/artist/2YZyLoL8N0Wb9xBt1NhZWg,https://i.scdn.co/image/3a836196bfb341f736c7fe2704fb75de53f8dfbb,88
"12153521253",17,"3Nrfpe0tUJi4K4DXYWgMUX",Short,BTS,k-pop; k-pop boy group,https://open.spotify.com/artist/3Nrfpe0tUJi4K4DXYWgMUX,https://i.scdn.co/image/8ef1003d0cab2411ebc066ae9e50c01dceaf4e6c,96
"12120382831",17,"0qT79UgT5tY4yudH9VfsdT",Short,Sum 41,alternative metal; canadian pop punk; canadian punk; pop punk; punk,https://open.spotify.com/artist/0qT79UgT5tY4yudH9VfsdT,https://i.scdn.co/image/3ad9fb703dffe649bec3ec92abccbb280276316b,73
"12153521253",18,"1Bl6wpkWCQ4KVgnASpvzzA",Short,BROCKHAMPTON,boy band; hip hop; rap; underground hip hop,https://open.spotify.com/artist/1Bl6wpkWCQ4KVgnASpvzzA,https://i.scdn.co/image/c5d8db5b41cdf04a63ab8dc30c4f92a9b9005263,76
"12120382831",18,"45eNHdiiabvmbp4erw26rg",Short,ILLENIUM,edm; electropop; melodic dubstep; pop; pop dance; tropical house,https://open.spotify.com/artist/45eNHdiiabvmbp4erw26rg,https://i.scdn.co/image/cb843e45099dccf0fa4d6f4071e82603843547cb,78
"12120382831",19,"00FQb4jTyendYWaN8pK0wa",Short,Lana Del Rey,art pop; pop,https://open.spotify.com/artist/00FQb4jTyendYWaN8pK0wa,https://i.scdn.co/image/d79b3e6cc42de7f44c8f131ed9b3ed594202e400,85
"12120382831",20,"3eNYrVLcWfjJ9JdH9kiPJO",Short,Linked Horizon,anime; anime latino; otacore,https://open.spotify.com/artist/3eNYrVLcWfjJ9JdH9kiPJO,https://i.scdn.co/image/aa70447c405fdce682c1f83d7278d5da4e9a3c46,70
"12120382831",21,"23fqKkggKUBHNkbKtXEls4",Short,Kygo,edm; pop; pop dance; tropical house,https://open.spotify.com/artist/23fqKkggKUBHNkbKtXEls4,https://i.scdn.co/image/eee84c026e93f6d970fdc82c5010c45219530577,86
"12120382831",22,"0Y0QSi6lz1bPik5Ffjr8sd",Short,Ekali,canadian electronic; edm; electro house; electronic trap; electropop; future bass; indie electropop; pop; pop dance; pop edm; vapor soul; vapor twitch,https://open.spotify.com/artist/0Y0QSi6lz1bPik5Ffjr8sd,https://i.scdn.co/image/581f16487ebf95f4ccf5c1d898563d5f8a9c6adf,57
"12120382831",23,"7185Q95lPFld0aoPqO6e0U",Short,Blue Wednesday,chillhop; lo-fi beats,https://open.spotify.com/artist/7185Q95lPFld0aoPqO6e0U,https://i.scdn.co/image/0e512a4e12878a00d1b71ad89cceba045bcc444c,61
"12120382831",24,"1Xyo4u8uXC1ZmMpatF05PJ",Short,The Weeknd,canadian contemporary r&b; canadian pop; pop,https://open.spotify.com/artist/1Xyo4u8uXC1ZmMpatF05PJ,https://i.scdn.co/image/d9a875c37277c35b94c60c00d2cd256db098505d,94
"12120382831",25,"2CiO7xWdwPMDlVwlt9qa1f",Short,WYS,lo-fi beats,https://open.spotify.com/artist/2CiO7xWdwPMDlVwlt9qa1f,https://i.scdn.co/image/cb8713e17be6925e89fc896e6b70e8da4cea9f90,64
"12120382831",26,"4LLpKhyESsyAXpc4laK94U",Short,Mac Miller,hip hop; pittsburgh rap; rap,https://open.spotify.com/artist/4LLpKhyESsyAXpc4laK94U,https://i.scdn.co/image/ed63d93ec5348edc9cdf85c97179bbc78cd57292,86
"12120382831",27,"7daSp9zXk1dmqNxwKFkL35",Short,Kupla,lo-fi beats,https://open.spotify.com/artist/7daSp9zXk1dmqNxwKFkL35,https://i.scdn.co/image/2b3ed8ef6fa77e3924f76cbcbe66f7d926f85162,70
"12120382831",28,"2qxJFvFYMEDqd7ui6kSAcq",Short,Zedd,complextro; dance pop; edm; electro house; electropop; german techno; pop; pop dance; post-teen pop; tropical house,https://open.spotify.com/artist/2qxJFvFYMEDqd7ui6kSAcq,https://i.scdn.co/image/2d6c24e979a799b52a5ae2b5510793182f1202b4,80
"12120382831",29,"5cIc3SBFuBLVxJz58W2tU9",Short,Oh Wonder,electropop; indie pop; indie poptimism; pop,https://open.spotify.com/artist/5cIc3SBFuBLVxJz58W2tU9,https://i.scdn.co/image/b34c6322f787c61e0be5616c59d528de9aaf5a09,73
"12120382831",30,"60d24wfXkVzDSfLS6hyCjZ",Short,Martin Garrix,big room; dance pop; edm; electro house; pop; pop dance; progressive house; tropical house,https://open.spotify.com/artist/60d24wfXkVzDSfLS6hyCjZ,https://i.scdn.co/image/19b193e731a99776449d2b06742942e1e1f58fb2,81
"12120382831",31,"0c173mlxpT3dSFRgMO8XPh",Short,Big Sean,detroit hip hop; hip hop; pop rap; rap; southern hip hop; trap,https://open.spotify.com/artist/0c173mlxpT3dSFRgMO8XPh,https://i.scdn.co/image/c34667b11ae7fe716a8bcbf14ecc4683da255542,85
"12120382831",32,"28j8lBWDdDSHSSt5oPlsX2",Short,ZHU,edm; electro house,https://open.spotify.com/artist/28j8lBWDdDSHSSt5oPlsX2,https://i.scdn.co/image/53f6231dc92d52106027f72e591a2bb64e89bc2e,72
"12120382831",33,"3l0CmX0FuQjFxr8SK7Vqag",Short,Clairo,bedroom pop; boston indie,https://open.spotify.com/artist/3l0CmX0FuQjFxr8SK7Vqag,https://i.scdn.co/image/5e487c0d81c577c1736772d2542a2676004e0d87,83
"12120382831",34,"77SW9BnxLY8rJ0RciFqkHh",Short,The Neighbourhood,modern alternative rock; modern rock; pop,https://open.spotify.com/artist/77SW9BnxLY8rJ0RciFqkHh,https://i.scdn.co/image/81d31c929ec253818512cd51aacdc6e6960f78bd,85
"12120382831",35,"1vCWHaC5f2uS3yhpwWbIA6",Short,Avicii,big room; dance pop; edm; pop; pop dance,https://open.spotify.com/artist/1vCWHaC5f2uS3yhpwWbIA6,https://i.scdn.co/image/81b19a403109c4fe528ee3972137127b85be9519,84
"12120382831",36,"3vzJueN7TkCtYpz1myVmDU",Short,Dontcry,lo-fi beats,https://open.spotify.com/artist/3vzJueN7TkCtYpz1myVmDU,https://i.scdn.co/image/a961325d75bb7f9505b7aa184cbba57cb4a2217c,68
"12120382831",37,"46NCqFl8vhQZD77y7XkvJs",Short,goosetaf,lo-fi beats,https://open.spotify.com/artist/46NCqFl8vhQZD77y7XkvJs,https://i.scdn.co/image/5d41b214f699cae2f7619809f341e79a4851c911,63
"12120382831",38,"6bA2OonnJsG1tN9yClu2aC",Short,mell-ø,lo-fi beats,https://open.spotify.com/artist/6bA2OonnJsG1tN9yClu2aC,https://i.scdn.co/image/1b58d65dd8e89c046e15b923b1192215f3aafc11,66
"12120382831",39,"0RUwm9ukhlW1oXDzXxj3C0",Short,SPEECHLESS,japanese chillhop; lo-fi beats,https://open.spotify.com/artist/0RUwm9ukhlW1oXDzXxj3C0,https://i.scdn.co/image/94d8f1f029ea12f1f08e6984eac00916276dd0eb,60
"12120382831",40,"1Bl6wpkWCQ4KVgnASpvzzA",Short,BROCKHAMPTON,boy band; hip hop; rap; underground hip hop,https://open.spotify.com/artist/1Bl6wpkWCQ4KVgnASpvzzA,https://i.scdn.co/image/c5d8db5b41cdf04a63ab8dc30c4f92a9b9005263,76
"12120382831",41,"1IJe80moz409PtxW4llPFw",Short,Sleepy Fish,chillhop; lo-fi beats,https://open.spotify.com/artist/1IJe80moz409PtxW4llPFw,https://i.scdn.co/image/399b9093bcd439729182b810673de5f8131f1b7e,61
"12120382831",42,"2o5jDhtHVPhrJdv3cEQ99Z",Short,Tiësto,big room; brostep; dance pop; dutch edm; edm; electro house; house; pop; pop dance; trance; tropical house,https://open.spotify.com/artist/2o5jDhtHVPhrJdv3cEQ99Z,https://i.scdn.co/image/bf09f128189d7b203ce73d84a87b2fadded4257b,84
"12120382831",43,"4pwqNyMSvuv7VOhQBdjB6Q",Short,eevee,chillhop; japanese chillhop; lo-fi beats,https://open.spotify.com/artist/4pwqNyMSvuv7VOhQBdjB6Q,https://i.scdn.co/image/bdfa75f8ca2bb87be85411a6fc69b0a52ac266b8,63
"12120382831",44,"69cjjIQEN8M6heOBT2SqZE",Short,Wun Two,chillhop; lo-fi beats,https://open.spotify.com/artist/69cjjIQEN8M6heOBT2SqZE,https://i.scdn.co/image/1a3cef8a4802a2d3224509707379b18bcc1da633,65
"12120382831",45,"6DnF6PBcTSsEZuEjXpK0gX",Short,Harris Cole,chillhop; focus beats; lo-fi beats,https://open.spotify.com/artist/6DnF6PBcTSsEZuEjXpK0gX,https://i.scdn.co/image/4b442fee4953d73a68f519a329d52e817f1df0f7,58
"12120382831",46,"6YJ4EgQzDfJnIHRbqIHAdD",Short,Idealism,chillhop; lo-fi beats,https://open.spotify.com/artist/6YJ4EgQzDfJnIHRbqIHAdD,https://i.scdn.co/image/6818ac8dfe7a478f1160ce0950e2a62c1feaea51,67
"12120382831",47,"73sIBHcqh3Z3NyqHKZ7FOL",Short,Childish Gambino,atl hip hop; hip hop; pop rap; rap,https://open.spotify.com/artist/73sIBHcqh3Z3NyqHKZ7FOL,https://i.scdn.co/image/2e1d974c14fb66eb5050bf3526c84c4f6e2f47ae,80
"12120382831",48,"0HcyeAioEKhfwVcJAoyN36",Short,Knowmadic,chillhop; focus beats; lo-fi beats,https://open.spotify.com/artist/0HcyeAioEKhfwVcJAoyN36,https://i.scdn.co/image/ef38d213894f6b5534a3e7571bb90fe4d38dacaa,55
"12120382831",49,"0hEurMDQu99nJRq8pTxO14",Short,John Mayer,neo mellow; pop; pop rock; singer-songwriter,https://open.spotify.com/artist/0hEurMDQu99nJRq8pTxO14,https://i.scdn.co/image/093f63fe03e52d014286eb6e0afa9a099214cf65,81
"12120382831",50,"1l2ekx5skC4gJH8djERwh1",Short,Don Diablo,big room; dance pop; deep big room; edm; electro house; future house; house; pop dance; pop edm; progressive electro house; tropical house,https://open.spotify.com/artist/1l2ekx5skC4gJH8djERwh1,https://i.scdn.co/image/3b29711504280f1fe64fb6735a8269da8b5242b5,74
