"user_id","rank","track_id","timeframe","track","artists","album","album_image","release_date","track_url"
"12120382831",1,"15EPc80XuFrb2LmOzGjuRg",Long,Crew (feat. Brent Faiyaz & Shy Glizzy),GoldLink; Brent Faiyaz; Shy Glizzy,At What Cost,https://i.scdn.co/image/ab67616d0000b2737bcd3cd54e8399ae38cc6e64,"2017-03-24",https://open.spotify.com/track/15EPc80XuFrb2LmOzGjuRg
"12153521253",1,"1RMJOxR6GRPsBHL8qeC2ux",Long,Best Part (feat. H.E.R.),Daniel Caesar; H.E.R.,Freudian,https://i.scdn.co/image/ab67616d0000b2733138f891f3075c9c5d944037,"2017-08-25",https://open.spotify.com/track/1RMJOxR6GRPsBHL8qeC2ux
"12153521253",2,"4SkTfsjWUy2rp40d2Ayfmv",Long,Tired Boy,Joey Pecoraro,Tired Boy,https://i.scdn.co/image/ab67616d0000b273a8b83e7d164d59824a2acdfa,"2017-02-22",https://open.spotify.com/track/4SkTfsjWUy2rp40d2Ayfmv
"12120382831",2,"3oHkMCVJyOcjg5FhfLc2Rq",Long,"A$AP Forever REMIX (feat. Moby, T.I. & Kid Cudi)",A$AP Rocky; Moby; T.I.; Kid Cudi,TESTING,https://i.scdn.co/image/ab67616d0000b2739feadc48ab0661e9b3a9170b,"2018-05-25",https://open.spotify.com/track/3oHkMCVJyOcjg5FhfLc2Rq
"12153521253",3,"21cEse3PJxwXCRqsh2Xk47",Long,Girlfriend,Jon Mcxro,The Fifth Of Never - Gold Cup Edition,https://i.scdn.co/image/ab67616d0000b273747f8edb8dd8361b5e66b522,"2012-05-29",https://open.spotify.com/track/21cEse3PJxwXCRqsh2Xk47
"12120382831",3,"0F02KChKwbcQ3tk4q1YxLH",Long,晴天,Jay Chou,葉惠美,https://i.scdn.co/image/ab67616d0000b2730629b1a5bb7437d50b8a9667,"2003-07-31",https://open.spotify.com/track/0F02KChKwbcQ3tk4q1YxLH
"12120382831",4,"20dP2DaMHIAmwWAbp7peSr",Long,pick up the phone,Young Thug; Travis Scott,Birds In The Trap Sing McKnight,https://i.scdn.co/image/ab67616d0000b273f54b99bf27cda88f4a7403ce,"2016-09-16",https://open.spotify.com/track/20dP2DaMHIAmwWAbp7peSr
"12153521253",4,"70AvqwCfLnKMj3HvJDCXyW",Long,Your Eyes,Joey Pecoraro,Little Pear,https://i.scdn.co/image/ab67616d0000b273445f840f8df41ad4f1a35320,"2015-08-14",https://open.spotify.com/track/70AvqwCfLnKMj3HvJDCXyW
"12120382831",5,"2n5gVJ9fzeX2SSWlLQuyS9",Long,Fight Night,Migos,No Label II,https://i.scdn.co/image/ab67616d0000b273c0f275798fc87a26c3d3c5e4,"2014-06-03",https://open.spotify.com/track/2n5gVJ9fzeX2SSWlLQuyS9
"12153521253",5,"5wyfaZpVP0lAuEWG9xJ3yA",Long,Fly on the Wall,Joey Pecoraro,Little Pear,https://i.scdn.co/image/ab67616d0000b273445f840f8df41ad4f1a35320,"2015-08-14",https://open.spotify.com/track/5wyfaZpVP0lAuEWG9xJ3yA
"12153521253",6,"29uGke73C3JUzciyUBRrkD",Long,Finding Parking,Joey Pecoraro,Tired Boy,https://i.scdn.co/image/ab67616d0000b273a8b83e7d164d59824a2acdfa,"2017-02-22",https://open.spotify.com/track/29uGke73C3JUzciyUBRrkD
"12120382831",6,"5lw8Mgb4LyhriPIC86gV6e",Long,RNP (feat. Anderson .Paak),Cordae; Anderson .Paak,The Lost Boy,https://i.scdn.co/image/ab67616d0000b273e6d6d392a66a7f9172fe57c8,"2019-07-26",https://open.spotify.com/track/5lw8Mgb4LyhriPIC86gV6e
"12120382831",7,"6gpcs5eMhJwax4mIfKDYQk",Long,Slide (feat. Frank Ocean & Migos),Calvin Harris; Frank Ocean; Migos,Slide (feat. Frank Ocean & Migos),https://i.scdn.co/image/ab67616d0000b2731e439ac0ed08d612808f7122,"2017-02-24",https://open.spotify.com/track/6gpcs5eMhJwax4mIfKDYQk
"12153521253",7,"1pvGWSvIXr8PTk8nC4SnXK",Long,Helplessly,Tatiana Manaois,Helplessly,https://i.scdn.co/image/ab67616d0000b2733a2214630cc9638b8cb1cd1e,"2014-03-23",https://open.spotify.com/track/1pvGWSvIXr8PTk8nC4SnXK
"12153521253",8,"1TPLsNVlofwX1txcE9gZZF",Long,We Find Love,Daniel Caesar,Freudian,https://i.scdn.co/image/ab67616d0000b2733138f891f3075c9c5d944037,"2017-08-25",https://open.spotify.com/track/1TPLsNVlofwX1txcE9gZZF
"12120382831",8,"74ZovzRxHBvCq5yIwe8boh",Long,OKRA,"Tyler, The Creator",OKRA,https://i.scdn.co/image/ab67616d0000b2733b27e6c345d24628bf25d7e4,"2018-03-30",https://open.spotify.com/track/74ZovzRxHBvCq5yIwe8boh
"12153521253",9,"4D8UvvJUIapsaZZSLqXrKP",Long,Don't Be a Fool,Joey Pecoraro,Music for Happiness,https://i.scdn.co/image/ab67616d0000b2738e4ce6c6c693f33ef0526d06,"2018-04-06",https://open.spotify.com/track/4D8UvvJUIapsaZZSLqXrKP
"12120382831",9,"5z24Bwwfp6xtCh7sSvCOJi",Long,Icha Gicha (feat. Pharrell Williams),Kap G; Pharrell Williams,SupaJefe,https://i.scdn.co/image/ab67616d0000b273df9e868f8c75fada32146422,"2017-04-14",https://open.spotify.com/track/5z24Bwwfp6xtCh7sSvCOJi
"12120382831",10,"4JY5s40ymnG18f6wxQtzPw",Long,珊瑚海,Jay Chou; Lara Liang,"11月的蕭邦",https://i.scdn.co/image/ab67616d0000b27352667a927da106f60947413a,"2005-11-01",https://open.spotify.com/track/4JY5s40ymnG18f6wxQtzPw
"12153521253",10,"7zFXmv6vqI4qOt4yGf3jYZ",Long,Get You (feat. Kali Uchis),Daniel Caesar; Kali Uchis,Freudian,https://i.scdn.co/image/ab67616d0000b2733138f891f3075c9c5d944037,"2017-08-25",https://open.spotify.com/track/7zFXmv6vqI4qOt4yGf3jYZ
"12120382831",11,"2xLMifQCjDGFmkHkpNLD9h",Long,SICKO MODE,Travis Scott,ASTROWORLD,https://i.scdn.co/image/ab67616d0000b273072e9faef2ef7b6db63834a3,"2018-08-03",https://open.spotify.com/track/2xLMifQCjDGFmkHkpNLD9h
"12153521253",11,"6Vg3QC5UcpdAcGXgUqkjIX",Long,If You Ever Come Back,The Script,Science & Faith,https://i.scdn.co/image/ab67616d0000b273ecf57b6803b6f913217bf15c,"2010-09-10",https://open.spotify.com/track/6Vg3QC5UcpdAcGXgUqkjIX
"12153521253",12,"7vf0v8oiStZKGVqB5gpt3V",Long,Ask for Love,Joey Pecoraro,Ask for Love,https://i.scdn.co/image/ab67616d0000b273632c9ceb6db13135476d8667,"2017-11-16",https://open.spotify.com/track/7vf0v8oiStZKGVqB5gpt3V
"12120382831",12,"1BuZAIO8WZpavWVbbq3Lci",Long,Powerglide (feat. Juicy J) - From SR3MM,Rae Sremmurd; Swae Lee; Slim Jxmmi; Juicy J,SR3MM,https://i.scdn.co/image/ab67616d0000b273ba9015f4504a9dfd7560bfa9,"2018-05-04",https://open.spotify.com/track/1BuZAIO8WZpavWVbbq3Lci
"12153521253",13,"22jnEneSABg4vRCR1vow7F",Long,Violet,Daniel Caesar,Violet,https://i.scdn.co/image/ab67616d0000b2739865e5fe5d0691d600678542,"2015-07-01",https://open.spotify.com/track/22jnEneSABg4vRCR1vow7F
"12120382831",13,"2aPTvyE09vUCRwVvj0I8WK",Long,Sundress,A$AP Rocky,Sundress,https://i.scdn.co/image/ab67616d0000b2731ae967e4a02c7a39eb3c189b,"2018-11-20",https://open.spotify.com/track/2aPTvyE09vUCRwVvj0I8WK
"12120382831",14,"6wo37KVqFJhtuxPTpLCcfe",Long,Takeaway (feat. Lennon Stella),The Chainsmokers; ILLENIUM; Lennon Stella,World War Joy...Takeaway,https://i.scdn.co/image/ab67616d0000b273830ba1c24fc9e3d59517e5ec,"2019-07-24",https://open.spotify.com/track/6wo37KVqFJhtuxPTpLCcfe
"12153521253",14,"0bBgXH6mybXjdngxKF5zBE",Long,Piece Of Mind,Kehlani,SweetSexySavage (Deluxe),https://i.scdn.co/image/ab67616d0000b27343515daa8b28e0978efe9543,"2017-01-27",https://open.spotify.com/track/0bBgXH6mybXjdngxKF5zBE
"12120382831",15,"4dVpf9jZjcORqGTLUaeYj9",Long,Plain Jane,A$AP Ferg,Still Striving,https://i.scdn.co/image/ab67616d0000b273d79cfa3155b50beb5dbeeb9a,"2017-08-18",https://open.spotify.com/track/4dVpf9jZjcORqGTLUaeYj9
"12153521253",15,"69x16JmnJxuLVP9ELBoY03",Long,i,Kendrick Lamar,i,https://i.scdn.co/image/ab67616d0000b27323cda30eecf48f0c8262dce4,"2014-09-23",https://open.spotify.com/track/69x16JmnJxuLVP9ELBoY03
"12120382831",16,"1E6elLT25P95eXVMshcXZq",Long,The Blanguage,Young Thug; Metro Boomin,Street Is Watching (The Mix-Tape),https://i.scdn.co/image/ab67616d0000b2739d91c063159249ef92580c01,"2014",https://open.spotify.com/track/1E6elLT25P95eXVMshcXZq
"12153521253",16,"1HNkqx9Ahdgi1Ixy2xkKkL",Long,Photograph,Ed Sheeran,x (Deluxe Edition),https://i.scdn.co/image/ab67616d0000b27313b3e37318a0c247b550bccd,"2014-06-21",https://open.spotify.com/track/1HNkqx9Ahdgi1Ixy2xkKkL
"12120382831",17,"0b9oOr2ZgvyQu88wzixux9",Long,This Is America,Childish Gambino,This Is America,https://i.scdn.co/image/ab67616d0000b2733504664c17b7b99a3cb7d116,"2018-05-06",https://open.spotify.com/track/0b9oOr2ZgvyQu88wzixux9
"12153521253",17,"4U5ovGD4My7MOISvUEtYaf",Long,Campfire,Aminé; Injury Reserve,Campfire,https://i.scdn.co/image/ab67616d0000b27368337cb971cce6299c224f8e,"2018-04-06",https://open.spotify.com/track/4U5ovGD4My7MOISvUEtYaf
"12120382831",18,"6fwdbPMwP1zVStm8FybmkO",Long,X (feat. Future),"21 Savage; Metro Boomin; Future",Savage Mode,https://i.scdn.co/image/ab67616d0000b2732dd1ac4a61495080ef8f78ca,"2016-07-15",https://open.spotify.com/track/6fwdbPMwP1zVStm8FybmkO
"12153521253",18,"5ZembGG7zKzIeSOuTCWPQW",Long,Music for Happiness,Joey Pecoraro,Music for Happiness,https://i.scdn.co/image/ab67616d0000b2738e4ce6c6c693f33ef0526d06,"2018-04-06",https://open.spotify.com/track/5ZembGG7zKzIeSOuTCWPQW
"12120382831",19,"1rfofaqEpACxVEHIZBJe6W",Long,Havana (feat. Young Thug),Camila Cabello; Young Thug,Camila,https://i.scdn.co/image/ab67616d0000b2736eb0b9e73adcf04e4ed3eca4,"2018-01-12",https://open.spotify.com/track/1rfofaqEpACxVEHIZBJe6W
"12153521253",19,"1Mza2sr6tPhy6jjI3HB9fW",Long,Hold Me Down,Daniel Caesar,Freudian,https://i.scdn.co/image/ab67616d0000b2733138f891f3075c9c5d944037,"2017-08-25",https://open.spotify.com/track/1Mza2sr6tPhy6jjI3HB9fW
"12153521253",20,"21GsEoN7kaSUrzXZnAeol9",Long,Exit Wounds,The Script,Science & Faith,https://i.scdn.co/image/ab67616d0000b273ecf57b6803b6f913217bf15c,"2010-09-10",https://open.spotify.com/track/21GsEoN7kaSUrzXZnAeol9
"12120382831",20,"2CgOd0Lj5MuvOqzqdaAXtS",Long,Shelter,Porter Robinson; Madeon,Shelter,https://i.scdn.co/image/ab67616d0000b2730b4df34612f851b639959f9a,"2016-08-12",https://open.spotify.com/track/2CgOd0Lj5MuvOqzqdaAXtS
"12153521253",21,"70eDxAyAraNTiD6lx2ZEnH",Long,Ex's & Oh's,Elle King,Love Stuff,https://i.scdn.co/image/ab67616d0000b273eb5a4a3ad6b9548ce4ca2c03,"2015-02-13",https://open.spotify.com/track/70eDxAyAraNTiD6lx2ZEnH
"12120382831",21,"1jzIJcHCXneHw7ojC6LXiF",Long,Potato Salad,"Tyler, The Creator; A$AP Rocky",Potato Salad,https://i.scdn.co/image/ab67616d0000b273215cac8c30b47bb1bfb9d2d1,"2018-09-28",https://open.spotify.com/track/1jzIJcHCXneHw7ojC6LXiF
"12120382831",22,"5ByAIlEEnxYdvpnezg7HTX",Long,Juicy - 2005 Remaster,The Notorious B.I.G.,Ready to Die (The Remaster),https://i.scdn.co/image/ab67616d0000b273a4950162a626593b7340f6c7,"1994-09-13",https://open.spotify.com/track/5ByAIlEEnxYdvpnezg7HTX
"12153521253",22,"0ONn7t8x49V3tOR5ZcIrpf",Long,Your Favorite Place,Joey Pecoraro,Chillhop Essentials Winter 2017,https://i.scdn.co/image/9f2effd54b7e02b0b6cc8796f1ae085da7363a4f,"2017-12-11",https://open.spotify.com/track/0ONn7t8x49V3tOR5ZcIrpf
"12153521253",23,"3IW5rhsRBxstifAnjQyUI9",Long,Action!,DPR LIVE; GRAY,Action!,https://i.scdn.co/image/ab67616d0000b273acc214fcb512945b00f64253,"2018-03-13",https://open.spotify.com/track/3IW5rhsRBxstifAnjQyUI9
"12120382831",23,"6bTCdqB1PN5J93hiiZvQzW",Long,lit(var),Kensuke Ushio,"A Shape of Light ""A Silent Voice the Movie"" Original Soundtrack",https://i.scdn.co/image/ab67616d0000b273598142e7eef56d543ec8f922,"2016-09-14",https://open.spotify.com/track/6bTCdqB1PN5J93hiiZvQzW
"12153521253",24,"5zrZHMklhOXABpnBl0EMBN",Long,Novacane,Frank Ocean,Novacane,https://i.scdn.co/image/ab67616d0000b273626a9ce92e0f381c4a36e5dc,"2011-01-01",https://open.spotify.com/track/5zrZHMklhOXABpnBl0EMBN
"12120382831",24,"4S8d14HvHb70ImctNgVzQQ",Long,I Love It (& Lil Pump),Kanye West; Lil Pump,I Love It,https://i.scdn.co/image/ab67616d0000b273b6d544387b04e1d1a5f7926c,"2018-09-07",https://open.spotify.com/track/4S8d14HvHb70ImctNgVzQQ
"12153521253",25,"6Nle9hKrkL1wQpwNfEkxjh",Long,Chanel,Frank Ocean,Chanel,https://i.scdn.co/image/ab67616d0000b273a0b780c23fc3c19bd412b234,"2017-03-10",https://open.spotify.com/track/6Nle9hKrkL1wQpwNfEkxjh
"12120382831",25,"55OdqrG8WLmsYyY1jijD9b",Long,Wyclef Jean,Young Thug,JEFFERY,https://i.scdn.co/image/ab67616d0000b273d0c72291cd96834e199e1ff8,"2016-08-26",https://open.spotify.com/track/55OdqrG8WLmsYyY1jijD9b
"12120382831",26,"6W2tmkeuHKaedHhdTPnyVs",Long,說好的幸福呢,Jay Chou,魔杰座,https://i.scdn.co/image/ab67616d0000b2734abdc59361ad959f0e43cd01,"2008-11-09",https://open.spotify.com/track/6W2tmkeuHKaedHhdTPnyVs
"12153521253",26,"6iiHfPJeO14Z9jRh2wisAG",Long,Warm,Joey Pecoraro,Little Pear,https://i.scdn.co/image/ab67616d0000b273445f840f8df41ad4f1a35320,"2015-08-14",https://open.spotify.com/track/6iiHfPJeO14Z9jRh2wisAG
"12153521253",27,"3OwPSJu609AMzotCEyoMiO",Long,The Nights,Avicii,The Days / Nights,https://i.scdn.co/image/ab67616d0000b27379e3dad4d452f452112d59d9,"2014-12-01",https://open.spotify.com/track/3OwPSJu609AMzotCEyoMiO
"12120382831",27,"3B54sVLJ402zGa6Xm4YGNe",Long,Unforgettable,French Montana; Swae Lee,Jungle Rules,https://i.scdn.co/image/ab67616d0000b2738a31195a371b2233456f6c07,"2017-07-14",https://open.spotify.com/track/3B54sVLJ402zGa6Xm4YGNe
"12120382831",28,"02r2uE8nEHpJAvFFttQxqh",Long,Fakin It (feat. Ofelia K),Kaskade; Felix Cartal; Ofelia K,Fakin It (feat. Ofelia K),https://i.scdn.co/image/ab67616d0000b273bf1831d3433c64c8dfaa2e92,"2016-05-20",https://open.spotify.com/track/02r2uE8nEHpJAvFFttQxqh
"12153521253",28,"68fXn0TVggt7Gr0sPbBuI5",Long,YOUTH,Troye Sivan,Blue Neighbourhood (Deluxe),https://i.scdn.co/image/ab67616d0000b273e3369cf26812e4b64a6e4062,"2015-12-04",https://open.spotify.com/track/68fXn0TVggt7Gr0sPbBuI5
"12153521253",29,"1gFovJQ7w2We3AoU3ybhzU",Long,Hey Mama,Kanye West,Late Registration,https://i.scdn.co/image/ab67616d0000b273d79ba8ad2be777bad0e9924b,"2005-01-01",https://open.spotify.com/track/1gFovJQ7w2We3AoU3ybhzU
"12120382831",29,"6jq6rcOikCZAmjliAgAmfT",Long,Light,San Holo,Light,https://i.scdn.co/image/ab67616d0000b273a5c1582e2b2b087ee7862758,"2017-02-10",https://open.spotify.com/track/6jq6rcOikCZAmjliAgAmfT
"12120382831",30,"6jdOi5U5LBzQrc4c1VT983",Long,"Hold On, We're Going Home",Drake; Majid Jordan,Nothing Was The Same (Deluxe),https://i.scdn.co/image/ab67616d0000b273adfb5909ec66db5fbb4d06c8,"2013-01-01",https://open.spotify.com/track/6jdOi5U5LBzQrc4c1VT983
"12153521253",30,"0vV8n4jI08wMk3cfvbcLRc",Long,First Kiss,Joey Pecoraro,Music for Happiness,https://i.scdn.co/image/ab67616d0000b2738e4ce6c6c693f33ef0526d06,"2018-04-06",https://open.spotify.com/track/0vV8n4jI08wMk3cfvbcLRc
"12120382831",31,"4KJx4IOvCU2isprmXio9Xk",Long,彩虹,Jay Chou,我很忙,https://i.scdn.co/image/ab67616d0000b2735bb3a0dcc85592b2085b5985,"2008-03-10",https://open.spotify.com/track/4KJx4IOvCU2isprmXio9Xk
"12153521253",31,"1zdzawvseiBbVBRvAkfj8O",Long,Glory Days,Joey Pecoraro,Music for Happiness,https://i.scdn.co/image/ab67616d0000b2738e4ce6c6c693f33ef0526d06,"2018-04-06",https://open.spotify.com/track/1zdzawvseiBbVBRvAkfj8O
"12120382831",32,"6Bg7MznA9X0dIhlAsLyBYj",Long,Ghost Town,Kanye West; PARTYNEXTDOOR,ye,https://i.scdn.co/image/ab67616d0000b27397508a4b756763370510bd44,"2018-06-01",https://open.spotify.com/track/6Bg7MznA9X0dIhlAsLyBYj
"12153521253",32,"0QQG0RovnsfKUdHJIsJ39f",Long,Bang My Head (feat. Sia & Fetty Wap),David Guetta,Bang My Head (feat. Sia & Fetty Wap),https://i.scdn.co/image/ab67616d0000b273a4229efad56c157a9dadff80,"2015-10-30",https://open.spotify.com/track/0QQG0RovnsfKUdHJIsJ39f
"12120382831",33,"0dbTQYW3Ad1FTzIA9t90E8",Long,Mona Lisa (feat. Kendrick Lamar),Lil Wayne; Kendrick Lamar,Tha Carter V,https://i.scdn.co/image/ab67616d0000b2732cfcc913c36f0e1776f4bb65,"2018-09-28",https://open.spotify.com/track/0dbTQYW3Ad1FTzIA9t90E8
"12153521253",33,"2wUnFLr2k5491Pv4cUYd83",Long,Self,Noname,Room 25,https://i.scdn.co/image/ab67616d0000b273b44b3ed14ccac465147b96f1,"2018-09-14",https://open.spotify.com/track/2wUnFLr2k5491Pv4cUYd83
"12120382831",34,"1gnwGVoG7V08vMX3hyr90x",Long,Tints (feat. Kendrick Lamar),Anderson .Paak; Kendrick Lamar,Tints (feat. Kendrick Lamar),https://i.scdn.co/image/ab67616d0000b2738c309d5c3c4ad7b606ebece6,"2018-10-04",https://open.spotify.com/track/1gnwGVoG7V08vMX3hyr90x
"12153521253",34,"1WP1r7fuvRqZRnUaTi2I1Q",Long,Stitches,Shawn Mendes,Handwritten (Deluxe),https://i.scdn.co/image/ab67616d0000b27347710f5e89677e4d048e744c,"2015-04-13",https://open.spotify.com/track/1WP1r7fuvRqZRnUaTi2I1Q
"12120382831",35,"7sO5G9EABYOXQKNPNiE9NR",Long,Ric Flair Drip (& Metro Boomin),Offset; Metro Boomin,Without Warning,https://i.scdn.co/image/ab67616d0000b2730f206fe737d46f2f2d826d83,"2017-10-30",https://open.spotify.com/track/7sO5G9EABYOXQKNPNiE9NR
"12153521253",35,"0cJLYpRTqODzv9SiQukE4Z",Long,All The Way,Timeflies,After Hours (Deluxe),https://i.scdn.co/image/ab67616d0000b273147fceae5824f79d7929f8b9,"2014-01-01",https://open.spotify.com/track/0cJLYpRTqODzv9SiQukE4Z
"12120382831",36,"5WoaF1B5XIEnWfmb5NZikf",Long,Sky Walker (feat. Travis Scott),Miguel; Travis Scott,War & Leisure,https://i.scdn.co/image/ab67616d0000b2735e9dff10c31ac14c6c6c920d,"2017-12-01",https://open.spotify.com/track/5WoaF1B5XIEnWfmb5NZikf
"12153521253",36,"1X6SgkUlyH613d9qQoq70z",Long,Laundry Day,Joey Pecoraro,Music for Happiness,https://i.scdn.co/image/ab67616d0000b2738e4ce6c6c693f33ef0526d06,"2018-04-06",https://open.spotify.com/track/1X6SgkUlyH613d9qQoq70z
"12153521253",37,"4cRjXdL7XiJp3lRLSWAF2E",Long,Paradise,Jeremih,Late Nights: The Album,https://i.scdn.co/image/ab67616d0000b2738ca2982736fe67dc8614e169,"2015-12-04",https://open.spotify.com/track/4cRjXdL7XiJp3lRLSWAF2E
"12120382831",37,"2q0VexHJirnUPnEOhr2DxK",Long,Biking,"Frank Ocean; JAY-Z; Tyler, The Creator",Biking,https://i.scdn.co/image/ab67616d0000b27369a8328489e5e485514a8667,"2017-04-10",https://open.spotify.com/track/2q0VexHJirnUPnEOhr2DxK
"12153521253",38,"39KG4kom3enSx4GTThuDGt",Long,Coaster,Khalid,American Teen,https://i.scdn.co/image/ab67616d0000b273988ede5e1276e758b5f9e577,"2017-04-27",https://open.spotify.com/track/39KG4kom3enSx4GTThuDGt
"12120382831",38,"5JKU2tXiG3yvJtefNwe7ZQ",Long,Touch,"3LAU; Carly Paige",Ultraviolet,https://i.scdn.co/image/ab67616d0000b2731980419be49b38d9cc2e5b21,"2018-02-16",https://open.spotify.com/track/5JKU2tXiG3yvJtefNwe7ZQ
"12153521253",39,"4Z22Uz5JhtWbkmzojNcdPr",Long,Damage,PARTYNEXTDOOR; Halsey,Seven Days,https://i.scdn.co/image/ab67616d0000b273a82aece7bb46bb4440b867a7,"2017-09-29",https://open.spotify.com/track/4Z22Uz5JhtWbkmzojNcdPr
"12120382831",39,"6393Du1axGG1NvAMq0OcfU",Long,I Know There's Gonna Be (Good Times),Jamie xx; Young Thug; Popcaan,In Colour,https://i.scdn.co/image/ab67616d0000b2733ec7a537e47e2c46d154192e,"2015-06-01",https://open.spotify.com/track/6393Du1axGG1NvAMq0OcfU
"12120382831",40,"51gbF0SxTmxgAguiWWUXPu",Long,Jump (feat. Gizzle),Lupe Fiasco; Gizzle,DROGAS Light,https://i.scdn.co/image/ab67616d0000b27343b652dce6a840cf257f68c9,"2017-02-10",https://open.spotify.com/track/51gbF0SxTmxgAguiWWUXPu
"12153521253",40,"1c9LBfX0klXJscJAYDI0Ea",Long,Air,Shawn Mendes; Astrid S,Handwritten (Deluxe),https://i.scdn.co/image/ab67616d0000b27347710f5e89677e4d048e744c,"2015-04-13",https://open.spotify.com/track/1c9LBfX0klXJscJAYDI0Ea
"12153521253",41,"5H2nJw7XkKyc43lhccRy5R",Long,The Weight,Shawn Mendes,Handwritten (Deluxe),https://i.scdn.co/image/ab67616d0000b27347710f5e89677e4d048e744c,"2015-04-13",https://open.spotify.com/track/5H2nJw7XkKyc43lhccRy5R
"12120382831",41,"4hYHaROtjB6YREh6AgW3fd",Long,蒲公英的約定,Jay Chou,我很忙,https://i.scdn.co/image/ab67616d0000b2735bb3a0dcc85592b2085b5985,"2008-03-10",https://open.spotify.com/track/4hYHaROtjB6YREh6AgW3fd
"12153521253",42,"0d2iYfpKoM0QCKvcLCkBao",Long,Eastside (with Halsey & Khalid),benny blanco; Halsey; Khalid,Eastside (with Halsey & Khalid),https://i.scdn.co/image/ab67616d0000b2733154f0bdf9a17385d7afc6ba,"2018-07-12",https://open.spotify.com/track/0d2iYfpKoM0QCKvcLCkBao
"12120382831",42,"2T6SuvI5GJXbJOCM1jweuW",Long,Sweet,Cigarettes After Sex,Cigarettes After Sex,https://i.scdn.co/image/ab67616d0000b27304da8eb90a4438e6a869cfaf,"2017-06-09",https://open.spotify.com/track/2T6SuvI5GJXbJOCM1jweuW
"12120382831",43,"46RvocxUkMUhCtDxk1BUyT",Long,Reverie,ILLENIUM; King Deco,Ashes,https://i.scdn.co/image/ab67616d0000b273b340389616c13200bab2eefa,"2016-02-15",https://open.spotify.com/track/46RvocxUkMUhCtDxk1BUyT
"12153521253",43,"1tAoLzNNXRabfHHzSqdk3R",Long,Django Jane,Janelle Monáe,Django Jane,https://i.scdn.co/image/ab67616d0000b2739f6096f241cff5c1e034bed9,"2018-02-21",https://open.spotify.com/track/1tAoLzNNXRabfHHzSqdk3R
"12153521253",44,"76eBb8heDKtUg68WiKX9j1",Long,Take Me Home,Jess Glynne,I Cry When I Laugh,https://i.scdn.co/image/ab67616d0000b273b905ed1edb5a88c573c023b0,"2015",https://open.spotify.com/track/76eBb8heDKtUg68WiKX9j1
"12120382831",44,"2svutFGaCycRmYc1mWbfQh",Long,Don't Don't Do It!,N.E.R.D; Kendrick Lamar; Pharrell Williams,NO ONE EVER REALLY DIES,https://i.scdn.co/image/ab67616d0000b273be23f47224937c9b57a004b2,"2017-12-15",https://open.spotify.com/track/2svutFGaCycRmYc1mWbfQh
"12120382831",45,"6dHatCnuOb1TdBIeJTK3Y0",Long,Really Doe,Danny Brown; Kendrick Lamar; Ab-Soul; Earl Sweatshirt,Atrocity Exhibition,https://i.scdn.co/image/ab67616d0000b2733e25c9ef701bb637773531fe,"2016-09-27",https://open.spotify.com/track/6dHatCnuOb1TdBIeJTK3Y0
"12153521253",45,"42TA5byfclfFF0skXOfKpM",Long,Second Hand Heart (feat. Kelly Clarkson),Ben Haenow; Kelly Clarkson,Second Hand Heart (feat. Kelly Clarkson),https://i.scdn.co/image/ab67616d0000b2730c5bdea9397e30404c044cd1,"2015-10-16",https://open.spotify.com/track/42TA5byfclfFF0skXOfKpM
"12153521253",46,"7vGuf3Y35N4wmASOKLUVVU",Long,Silence,Marshmello; Khalid,Silence,https://i.scdn.co/image/ab67616d0000b273f33ba583059dc2f7d08bf2b8,"2017-08-11",https://open.spotify.com/track/7vGuf3Y35N4wmASOKLUVVU
"12120382831",46,"0PwKsFzNiOTnAus6fj7zJn",Long,Sober,Childish Gambino,Kauai,https://i.scdn.co/image/ab67616d0000b273e1b89fca85d1a63837f253c5,"2014-10-03",https://open.spotify.com/track/0PwKsFzNiOTnAus6fj7zJn
"12120382831",47,"3EApebexZ7YqDIqw2EMTDh",Long,I Might Need Security,Chance the Rapper,I Might Need Security,https://i.scdn.co/image/ab67616d0000b27325bf4e3aa3448d300f84a14f,"2018-07-19",https://open.spotify.com/track/3EApebexZ7YqDIqw2EMTDh
"12153521253",47,"1FsH6OZCKLWbBgqj8JcCvO",Long,The Man,Aloe Blacc,Lift Your Spirit,https://i.scdn.co/image/ab67616d0000b27382f429d91437df1d03e878c8,"2013-01-01",https://open.spotify.com/track/1FsH6OZCKLWbBgqj8JcCvO
"12153521253",48,"1boXOL0ua7N2iCOUVI1p9F",Long,Japanese Denim,Daniel Caesar,Get You - Single,https://i.scdn.co/image/ab67616d0000b273617c314e94693fad9a26f798,"2016-10-21",https://open.spotify.com/track/1boXOL0ua7N2iCOUVI1p9F
"12120382831",48,"1YmF9PvLhIISIANoMLIYGq",Long,A$AP Forever (feat. Moby),A$AP Rocky; Moby,A$AP Forever (feat. Moby),https://i.scdn.co/image/ab67616d0000b2739ef69f2cf1038634bd541509,"2018-04-05",https://open.spotify.com/track/1YmF9PvLhIISIANoMLIYGq
"12120382831",49,"6u7jPi22kF8CTQ3rb9DHE7",Long,Old Town Road (feat. Billy Ray Cyrus) - Remix,Lil Nas X; Billy Ray Cyrus,Old Town Road,https://i.scdn.co/image/ab67616d0000b273bc5839eea68e7ff7f1010f93,"2019-04-05",https://open.spotify.com/track/6u7jPi22kF8CTQ3rb9DHE7
"12153521253",49,"6fTdcGsjxlAD9PSkoPaLMX",Long,Sunday Candy,Donnie Trumpet & The Social Experiment,Surf,https://i.scdn.co/image/ab67616d0000b27342bf3f893586a144871b35a8,"2015-06-30",https://open.spotify.com/track/6fTdcGsjxlAD9PSkoPaLMX
"12153521253",50,"0KyzXQhY2yzcb1FYCHkZc2",Long,Blessed,Daniel Caesar,Freudian,https://i.scdn.co/image/ab67616d0000b2733138f891f3075c9c5d944037,"2017-08-25",https://open.spotify.com/track/0KyzXQhY2yzcb1FYCHkZc2
"12120382831",50,"6jmZlyf9DxcIoRrjw02YXm",Long,Old Town Road - Remix,Lil Nas X; Billy Ray Cyrus; Mason Ramsey; Young Thug,Old Town Road (Remix),https://i.scdn.co/image/ab67616d0000b27379216e7558b3ec2b12273d79,"2019-07-12",https://open.spotify.com/track/6jmZlyf9DxcIoRrjw02YXm
"12120382831",1,"1OTvWduKQV0MQd2gnGM9He",Medium,With Me,Sum 41,Underclass Hero,https://i.scdn.co/image/ab67616d0000b2731c5301bdbae7e2b35fe8024f,"2007-01-01",https://open.spotify.com/track/1OTvWduKQV0MQd2gnGM9He
"12153521253",1,"5qhHm4dN4L2dhRb2TfzGPw",Medium,Lonely Eyes,Lauv,~how i'm feeling~,https://i.scdn.co/image/ab67616d0000b2736047672696efe2a146cf309e,"2020-03-06",https://open.spotify.com/track/5qhHm4dN4L2dhRb2TfzGPw
"12120382831",2,"5fVZC9GiM4e8vu99W0Xf6J",Medium,How to Save a Life,The Fray,How To Save A Life,https://i.scdn.co/image/ab67616d0000b27359b8b957f164ce660919f1f4,"2005-09-13",https://open.spotify.com/track/5fVZC9GiM4e8vu99W0Xf6J
"12153521253",2,"0WTN7om3lHG3yYMigwzBxl",Medium,There's No Way (feat. Julia Michaels),Lauv; Julia Michaels,There's No Way,https://i.scdn.co/image/ab67616d0000b2730a8faf02e33a80f13070b58a,"2018-09-27",https://open.spotify.com/track/0WTN7om3lHG3yYMigwzBxl
"12153521253",3,"1ShHhJlzaLuoZbJ3aP4z0m",Medium,Invisible Things,Lauv,~how i'm feeling~,https://i.scdn.co/image/ab67616d0000b2736047672696efe2a146cf309e,"2020-03-06",https://open.spotify.com/track/1ShHhJlzaLuoZbJ3aP4z0m
"12120382831",3,"3ZffCQKLFLUvYM59XKLbVm",Medium,Wake Me up When September Ends,Green Day,American Idiot,https://i.scdn.co/image/ab67616d0000b27308a1b1e0674086d3f1995e1b,"2004-09-21",https://open.spotify.com/track/3ZffCQKLFLUvYM59XKLbVm
"12153521253",4,"5N6lOKp69X4aa61FGvoBTU",Medium,Billy,Lauv,~how i'm feeling~,https://i.scdn.co/image/ab67616d0000b2736047672696efe2a146cf309e,"2020-03-06",https://open.spotify.com/track/5N6lOKp69X4aa61FGvoBTU
"12120382831",4,"5wQnmLuC1W7ATsArWACrgW",Medium,Welcome to the Black Parade,My Chemical Romance,The Black Parade,https://i.scdn.co/image/ab67616d0000b27317f77fab7e8f18d5f9fee4a1,"2006-10-23",https://open.spotify.com/track/5wQnmLuC1W7ATsArWACrgW
"12120382831",5,"1AdYZ6X00nXmO613Y7GJOl",Medium,I Miss You,blink-182,blink-182,https://i.scdn.co/image/ab67616d0000b2730538b48c180256e0bdd8363f,"2003-11-01",https://open.spotify.com/track/1AdYZ6X00nXmO613Y7GJOl
"12153521253",5,"4VM8y5Tx6UBxzfuLvYrhFf",Medium,Drugs & The Internet,Lauv,~how i'm feeling~,https://i.scdn.co/image/ab67616d0000b2736047672696efe2a146cf309e,"2020-03-06",https://open.spotify.com/track/4VM8y5Tx6UBxzfuLvYrhFf
"12153521253",6,"1DVWkJEjgVStgU2EbR9vpz",Medium,Sad Forever,Lauv,~how i'm feeling~,https://i.scdn.co/image/ab67616d0000b2736047672696efe2a146cf309e,"2020-03-06",https://open.spotify.com/track/1DVWkJEjgVStgU2EbR9vpz
"12120382831",6,"7LVHVU3tWfcxj5aiPFEW4Q",Medium,Fix You,Coldplay,X&Y,https://i.scdn.co/image/ab67616d0000b2734e0362c225863f6ae2432651,"2005-06-07",https://open.spotify.com/track/7LVHVU3tWfcxj5aiPFEW4Q
"12153521253",7,"23tJmuwvUOa2kTsOlNMWCS",Medium,Love Like That,Lauv,~how i'm feeling~ (the extras),https://i.scdn.co/image/ab67616d0000b2732f9dc2df7028345b7dcf134b,"2019-12-20",https://open.spotify.com/track/23tJmuwvUOa2kTsOlNMWCS
"12120382831",7,"4FOydQ5IdqmdeBgG9vFbPg",Medium,安靜,Jay Chou,范特西,https://i.scdn.co/image/ab67616d0000b2736cab39b08da7c20656127154,"2001-09-14",https://open.spotify.com/track/4FOydQ5IdqmdeBgG9vFbPg
"12120382831",8,"77loZpT5Y5PRP1S451P9Yz",Medium,The Reason,Hoobastank,The Reason (15th Anniversary Deluxe),https://i.scdn.co/image/ab67616d0000b27376cc6eedca8eb381afcd1e46,"2003-12-09",https://open.spotify.com/track/77loZpT5Y5PRP1S451P9Yz
"12153521253",8,"1eyek0KJEh2v5HQ9uQSybb",Medium,Modern Loneliness,Lauv,~how i'm feeling~,https://i.scdn.co/image/ab67616d0000b2736047672696efe2a146cf309e,"2020-03-06",https://open.spotify.com/track/1eyek0KJEh2v5HQ9uQSybb
"12120382831",9,"4B7e9sBkcw1iWJ45GaUQWm",Medium,Always,blink-182,Greatest Hits,https://i.scdn.co/image/ab67616d0000b273c1e15b92cecb18d9f4feca8f,"2005-10-31",https://open.spotify.com/track/4B7e9sBkcw1iWJ45GaUQWm
"12153521253",9,"4fFfyouye6vrX9o9z4PVMu",Medium,Never Not,Lauv,I met you when I was 18. (the playlist),https://i.scdn.co/image/ab67616d0000b2735355919e31efac9b14c45c49,"2018-05-31",https://open.spotify.com/track/4fFfyouye6vrX9o9z4PVMu
"12153521253",10,"4a00SVbdG6saNqRJlC4XKQ",Medium,Don't Matter - Recorded at Spotify Studios NYC,Lauv,Spotify Singles,https://i.scdn.co/image/ab67616d0000b27367d85e3eeac43ca5fed441a4,"2017-07-19",https://open.spotify.com/track/4a00SVbdG6saNqRJlC4XKQ
"12120382831",10,"4RAOI1etsgbh5NP3T5R8rN",Medium,I Don't Love You,My Chemical Romance,The Black Parade,https://i.scdn.co/image/ab67616d0000b27317f77fab7e8f18d5f9fee4a1,"2006-10-23",https://open.spotify.com/track/4RAOI1etsgbh5NP3T5R8rN
"12153521253",11,"4nxMHRNNfrOZWg8NAKXnV8",Medium,Adrenaline,Lauv,I met you when I was 18. (the playlist),https://i.scdn.co/image/ab67616d0000b2735355919e31efac9b14c45c49,"2018-05-31",https://open.spotify.com/track/4nxMHRNNfrOZWg8NAKXnV8
"12120382831",11,"7ddJJFmXZ3984IbVEKinp5",Medium,Your Call,Secondhand Serenade,Awake,https://i.scdn.co/image/ab67616d0000b27314424ca00c9b77e4a11c324b,"2007",https://open.spotify.com/track/7ddJJFmXZ3984IbVEKinp5
"12120382831",12,"003vvx7Niy0yvhvHt4a68B",Medium,Mr. Brightside,The Killers,Hot Fuss,https://i.scdn.co/image/ab67616d0000b273ccdddd46119a4ff53eaf1f5d,"2004",https://open.spotify.com/track/003vvx7Niy0yvhvHt4a68B
"12153521253",12,"3uc8AGNL0KbvISIrjnfRvN",Medium,Mean It,Lauv; LANY,~how i'm feeling~,https://i.scdn.co/image/ab67616d0000b2736047672696efe2a146cf309e,"2020-03-06",https://open.spotify.com/track/3uc8AGNL0KbvISIrjnfRvN
"12120382831",13,"1mea3bSkSGXuIRvnydlB5b",Medium,Viva La Vida,Coldplay,Viva La Vida or Death and All His Friends,https://i.scdn.co/image/ab67616d0000b273e21cc1db05580b6f2d2a3b6e,"2008-05-26",https://open.spotify.com/track/1mea3bSkSGXuIRvnydlB5b
"12153521253",13,"314ZkcV7oLWG8yWE7LABvH",Medium,Make It Right (feat. Lauv),BTS; Lauv,Make It Right (feat. Lauv),https://i.scdn.co/image/ab67616d0000b273d3a69900f8e3a32bb0cc5b07,"2019-10-18",https://open.spotify.com/track/314ZkcV7oLWG8yWE7LABvH
"12153521253",14,"1Srt81FTalOhRw7t7l8Yh8",Medium,Tattoos Together,Lauv,~how i'm feeling~,https://i.scdn.co/image/ab67616d0000b2736047672696efe2a146cf309e,"2020-03-06",https://open.spotify.com/track/1Srt81FTalOhRw7t7l8Yh8
"12120382831",14,"2m1hi0nfMR9vdGC8UcrnwU",Medium,All The Small Things,blink-182,Enema Of The State,https://i.scdn.co/image/ab67616d0000b2736da502e35a7a3e48de2b0f74,"1999-06-01",https://open.spotify.com/track/2m1hi0nfMR9vdGC8UcrnwU
"12153521253",15,"0aMHIW1lqrulVCx0LLlr6a",Medium,Cocoa Butter Kisses,Chance the Rapper; VIC MENSA; Twista,Acid Rap,https://i.scdn.co/image/ab67616d0000b273d95ab48a8a9de3c4a2cbfe80,"2013-04-30",https://open.spotify.com/track/0aMHIW1lqrulVCx0LLlr6a
"12120382831",15,"0BRHnOFm6sjxN1i9LJrUDu",Medium,The Anthem,Good Charlotte,The Young and The Hopeless,https://i.scdn.co/image/ab67616d0000b273a9bae94ddb20a71f573931c0,"2002-10-04",https://open.spotify.com/track/0BRHnOFm6sjxN1i9LJrUDu
"12153521253",16,"0s26En1JoJhVj32vizElpA",Medium,Feelings,Lauv,~how i'm feeling~,https://i.scdn.co/image/ab67616d0000b2736047672696efe2a146cf309e,"2020-03-06",https://open.spotify.com/track/0s26En1JoJhVj32vizElpA
"12120382831",16,"4JY5s40ymnG18f6wxQtzPw",Medium,珊瑚海,Jay Chou; Lara Liang,"11月的蕭邦",https://i.scdn.co/image/ab67616d0000b27352667a927da106f60947413a,"2005-11-01",https://open.spotify.com/track/4JY5s40ymnG18f6wxQtzPw
"12153521253",17,"2qG81jL9UIP54uS8gYyP4k",Medium,Who (feat. BTS),Lauv; BTS,~how i'm feeling~,https://i.scdn.co/image/ab67616d0000b2736047672696efe2a146cf309e,"2020-03-06",https://open.spotify.com/track/2qG81jL9UIP54uS8gYyP4k
"12120382831",17,"7xuhVUJmBpHR276Yc7AsgW",Medium,Walking Disaster,Sum 41,Underclass Hero,https://i.scdn.co/image/ab67616d0000b2731c5301bdbae7e2b35fe8024f,"2007-01-01",https://open.spotify.com/track/7xuhVUJmBpHR276Yc7AsgW
"12153521253",18,"0PxJmAlyKcRdd1r9FvDbTn",Medium,For Now,Lauv,~how i'm feeling~,https://i.scdn.co/image/ab67616d0000b2736047672696efe2a146cf309e,"2020-03-06",https://open.spotify.com/track/0PxJmAlyKcRdd1r9FvDbTn
"12120382831",18,"23oxJmDc1V9uLUSmN2LIvx",Medium,Ocean Avenue,Yellowcard,Ocean Avenue,https://i.scdn.co/image/ab67616d0000b273d1fd8f264564d9eef7617a45,"2003-01-01",https://open.spotify.com/track/23oxJmDc1V9uLUSmN2LIvx
"12120382831",19,"4Hff1IjRbLGeLgFgxvHflk",Medium,DARE,Gorillaz,Demon Days,https://i.scdn.co/image/ab67616d0000b27319d85a472f328a6ed9b704cf,"2005-05-23",https://open.spotify.com/track/4Hff1IjRbLGeLgFgxvHflk
"12153521253",19,"5u1n1kITHCxxp8twBcZxWy",Medium,Holy (feat. Chance The Rapper),Justin Bieber; Chance the Rapper,Holy,https://i.scdn.co/image/ab67616d0000b273572c68f79b356c21202e248c,"2020-09-18",https://open.spotify.com/track/5u1n1kITHCxxp8twBcZxWy
"12120382831",20,"73jVPicY2G9YHmzgjk69ae",Medium,Robbers,The 1975,The 1975,https://i.scdn.co/image/ab67616d0000b27304f21e12e67ba0dfd5db4fbf,"2013-01-01",https://open.spotify.com/track/73jVPicY2G9YHmzgjk69ae
"12153521253",20,"4G4gtvlaFaI6v6wWD8UvqL",Medium,Getting Over You,Lauv,I met you when I was 18. (the playlist),https://i.scdn.co/image/ab67616d0000b2735355919e31efac9b14c45c49,"2018-05-31",https://open.spotify.com/track/4G4gtvlaFaI6v6wWD8UvqL
"12153521253",21,"1Fo4OvzP9PThFKMeMIAEYu",Medium,Superhero,Lauv,Superhero,https://i.scdn.co/image/ab67616d0000b27334a512edc868f3b63c3e453e,"2018-08-30",https://open.spotify.com/track/1Fo4OvzP9PThFKMeMIAEYu
"12120382831",21,"7j31rVgGX9Q2blT92VBEA0",Medium,Teenagers,My Chemical Romance,The Black Parade,https://i.scdn.co/image/ab67616d0000b27317f77fab7e8f18d5f9fee4a1,"2006-10-23",https://open.spotify.com/track/7j31rVgGX9Q2blT92VBEA0
"12153521253",22,"1uxP6Vw86pAvlnuLUSWLll",Medium,Sims - Miquela Remix,Lauv; Miquela,~how i'm feeling~ (the extras),https://i.scdn.co/image/ab67616d0000b2732f9dc2df7028345b7dcf134b,"2019-12-20",https://open.spotify.com/track/1uxP6Vw86pAvlnuLUSWLll
"12120382831",22,"5yRkOJ2PnUgAPlOf3FTOs2",Medium,Stay Together For The Kids,blink-182,Greatest Hits,https://i.scdn.co/image/ab67616d0000b273c1e15b92cecb18d9f4feca8f,"2005-10-31",https://open.spotify.com/track/5yRkOJ2PnUgAPlOf3FTOs2
"12120382831",23,"1fJFuvU2ldmeAm5nFIHcPP",Medium,First Date,blink-182,Take Off Your Pants And Jacket,https://i.scdn.co/image/ab67616d0000b27354a8f4f9158546472fbb7280,"2001",https://open.spotify.com/track/1fJFuvU2ldmeAm5nFIHcPP
"12153521253",23,"2uQNcZYa0SEbfW4cj0d9OS",Medium,I Like Me Better - Recorded at Spotify Studios NYC,Lauv,Spotify Singles,https://i.scdn.co/image/ab67616d0000b27367d85e3eeac43ca5fed441a4,"2017-07-19",https://open.spotify.com/track/2uQNcZYa0SEbfW4cj0d9OS
"12120382831",24,"04x6DpeFQ72efXsD0DmWPQ",Medium,明明就,Jay Chou,十二新作,https://i.scdn.co/image/ab67616d0000b27372d544c36a037525f17c7fb4,"2012-12-28",https://open.spotify.com/track/04x6DpeFQ72efXsD0DmWPQ
"12153521253",24,"373q2bp4ZvyJ9kFZcpJSMs",Medium,Breathe,Lauv,I met you when I was 18. (the playlist),https://i.scdn.co/image/ab67616d0000b2735355919e31efac9b14c45c49,"2018-05-31",https://open.spotify.com/track/373q2bp4ZvyJ9kFZcpJSMs
"12153521253",25,"732Sqj2piYPhdMPENP4axz",Medium,Easy Love,Lauv,I met you when I was 18. (the playlist),https://i.scdn.co/image/ab67616d0000b2735355919e31efac9b14c45c49,"2018-05-31",https://open.spotify.com/track/732Sqj2piYPhdMPENP4axz
"12120382831",25,"0gZp88SA5OcujHLDGkxtI3",Medium,Only One,Yellowcard,Ocean Avenue,https://i.scdn.co/image/ab67616d0000b273d1fd8f264564d9eef7617a45,"2003-01-01",https://open.spotify.com/track/0gZp88SA5OcujHLDGkxtI3
"12120382831",26,"29bWDkf8qtCmsvDWOW55CJ",Medium,After Midnight,blink-182,Neighborhoods (Deluxe Explicit Version),https://i.scdn.co/image/ab67616d0000b273ab8afa7c4e5af4d75b647b6e,"2011-01-01",https://open.spotify.com/track/29bWDkf8qtCmsvDWOW55CJ
"12153521253",26,"3ZWhRS2EJVL5B0IEzkcvZa",Medium,Sweet & Sour (feat. Lauv & Tyga),Jawsh 685; Lauv; Tyga,Sweet & Sour (feat. Lauv & Tyga),https://i.scdn.co/image/ab67616d0000b273b843a22f04f1914db750814f,"2020-09-04",https://open.spotify.com/track/3ZWhRS2EJVL5B0IEzkcvZa
"12153521253",27,"6Rf3dWdNQs5LTqFOiavqQr",Medium,Canada (feat. Alessia Cara),Lauv; Alessia Cara,~how i'm feeling~,https://i.scdn.co/image/ab67616d0000b2736047672696efe2a146cf309e,"2020-03-06",https://open.spotify.com/track/6Rf3dWdNQs5LTqFOiavqQr
"12120382831",27,"11bD1JtSjlIgKgZG2134DZ",Medium,Chasing Cars,Snow Patrol,Eyes Open,https://i.scdn.co/image/ab67616d0000b27315a6fad25bd729dc98799b90,"2006-01-01",https://open.spotify.com/track/11bD1JtSjlIgKgZG2134DZ
"12153521253",28,"4sRryr1aCDIbVdj2LnBwsR",Medium,Sweatpants,Lauv,~how i'm feeling~,https://i.scdn.co/image/ab67616d0000b2736047672696efe2a146cf309e,"2020-03-06",https://open.spotify.com/track/4sRryr1aCDIbVdj2LnBwsR
"12120382831",28,"1bhjMY5O0ZjB41OHcdRH0a",Medium,High School Never Ends - Main Version - Explicit,Bowling For Soup,The Great Burrito Extortion Case,https://i.scdn.co/image/ab67616d0000b2737da35c3eff52adc7d9a6f01d,"2006",https://open.spotify.com/track/1bhjMY5O0ZjB41OHcdRH0a
"12120382831",29,"4C9rhLT37Gv6VMVtFCb7O1",Medium,Harvest Moon,Handsome Ghost,Harvest Moon,https://i.scdn.co/image/ab67616d0000b27300626ca107cd0adcf15836f8,"2018-01-05",https://open.spotify.com/track/4C9rhLT37Gv6VMVtFCb7O1
"12153521253",29,"4vjpLMyL3ZO6aphdYr8XYw",Medium,i'm so tired...,Lauv; Troye Sivan,~how i'm feeling~,https://i.scdn.co/image/ab67616d0000b2736047672696efe2a146cf309e,"2020-03-06",https://open.spotify.com/track/4vjpLMyL3ZO6aphdYr8XYw
"12120382831",30,"4KacUpvbA3Mfo05gttTjhN",Medium,Fat Lip,Sum 41,"All Killer, No Filler",https://i.scdn.co/image/ab67616d0000b2739a482180e6a306229bff49dc,"2001-01-01",https://open.spotify.com/track/4KacUpvbA3Mfo05gttTjhN
"12153521253",30,"1CJvFjaXKz2yuQWzICeIRo",Medium,Tell My Mama,Lauv,~how i'm feeling~,https://i.scdn.co/image/ab67616d0000b2736047672696efe2a146cf309e,"2020-03-06",https://open.spotify.com/track/1CJvFjaXKz2yuQWzICeIRo
"12120382831",31,"6TfBA04WJ3X1d1wXhaCFVT",Medium,"You're Gonna Go Far, Kid",The Offspring,"Rise And Fall, Rage And Grace",https://i.scdn.co/image/ab67616d0000b273890ce61533a89e00ce593fcb,"2008-06-17",https://open.spotify.com/track/6TfBA04WJ3X1d1wXhaCFVT
"12153521253",31,"2zXRAZvUb2B5PzJGwCtFe0",Medium,Chasing Fire,Lauv,I met you when I was 18. (the playlist),https://i.scdn.co/image/ab67616d0000b2735355919e31efac9b14c45c49,"2018-05-31",https://open.spotify.com/track/2zXRAZvUb2B5PzJGwCtFe0
"12120382831",32,"6m9qPYXmhge2QhBLfFKnVF",Medium,Same Drugs,Chance the Rapper,Coloring Book,https://i.scdn.co/image/ab67616d0000b273e71dd15fc5bdefd5bff70452,"2016-05-27",https://open.spotify.com/track/6m9qPYXmhge2QhBLfFKnVF
"12153521253",32,"73jVPicY2G9YHmzgjk69ae",Medium,Robbers,The 1975,The 1975,https://i.scdn.co/image/ab67616d0000b27304f21e12e67ba0dfd5db4fbf,"2013-01-01",https://open.spotify.com/track/73jVPicY2G9YHmzgjk69ae
"12153521253",33,"6Dno7FrbG6vnTm9KfjFwf6",Medium,Come Back Home,Lauv,I met you when I was 18. (the playlist),https://i.scdn.co/image/ab67616d0000b2735355919e31efac9b14c45c49,"2018-05-31",https://open.spotify.com/track/6Dno7FrbG6vnTm9KfjFwf6
"12120382831",33,"3nqqDo8CcCLke3ZoTgiOKf",Medium,The Man Who Can't Be Moved,The Script,The Script,https://i.scdn.co/image/ab67616d0000b273f33a9f529c12f79b116eb218,"2008-07-14",https://open.spotify.com/track/3nqqDo8CcCLke3ZoTgiOKf
"12120382831",34,"7vs3JM90lKhp11av83WA5j",Medium,算什麼男人,Jay Chou,哎呦 不錯哦,https://i.scdn.co/image/ab67616d0000b27323345e25b1956a53d2a0bbd1,"2014-12-26",https://open.spotify.com/track/7vs3JM90lKhp11av83WA5j
"12153521253",34,"58wyJLv6yH1La9NIZPl3ne",Medium,Can We Kiss Forever?,Kina; Adriana Proenza,Can We Kiss Forever?,https://i.scdn.co/image/ab67616d0000b27313584782bb6d165483d296ed,"2018-08-31",https://open.spotify.com/track/58wyJLv6yH1La9NIZPl3ne
"12120382831",35,"1HNE2PX70ztbEl6MLxrpNL",Medium,In Too Deep,Sum 41,"All Killer, No Filler",https://i.scdn.co/image/ab67616d0000b2739a482180e6a306229bff49dc,"2001-01-01",https://open.spotify.com/track/1HNE2PX70ztbEl6MLxrpNL
"12153521253",35,"3u5bTqHMM1P34ZkbwzdckV",Medium,The Story Never Ends,Lauv,I met you when I was 18. (the playlist),https://i.scdn.co/image/ab67616d0000b2735355919e31efac9b14c45c49,"2018-05-31",https://open.spotify.com/track/3u5bTqHMM1P34ZkbwzdckV
"12120382831",36,"1KlVJebZrrMSMxcEKOV5w5",Medium,給我一首歌的時間,Jay Chou,魔杰座,https://i.scdn.co/image/ab67616d0000b2734abdc59361ad959f0e43cd01,"2008-11-09",https://open.spotify.com/track/1KlVJebZrrMSMxcEKOV5w5
"12153521253",36,"7LEMGMfmJDd1iLsGD9eV5l",Medium,Love Somebody,Lauv,Without You,https://i.scdn.co/image/ab67616d0000b2735fb9e3db7385a470bdf559a2,"2020-07-10",https://open.spotify.com/track/7LEMGMfmJDd1iLsGD9eV5l
"12120382831",37,"1ivCIgrYZyE0BvItL4Z8lk",Medium,告白氣球,Jay Chou,周杰倫的床邊故事,https://i.scdn.co/image/ab67616d0000b273fb0610caa5ce0747743fb52e,"2016-06-24",https://open.spotify.com/track/1ivCIgrYZyE0BvItL4Z8lk
"12153521253",37,"2P91MQbaiQOfbiz9VqhqKQ",Medium,I Like Me Better,Lauv,I met you when I was 18. (the playlist),https://i.scdn.co/image/ab67616d0000b2735355919e31efac9b14c45c49,"2018-05-31",https://open.spotify.com/track/2P91MQbaiQOfbiz9VqhqKQ
"12120382831",38,"0LQwVfQUBrWuTX19hzSJwC",Medium,Adam's Song,blink-182,Greatest Hits,https://i.scdn.co/image/ab67616d0000b273c1e15b92cecb18d9f4feca8f,"2005-10-31",https://open.spotify.com/track/0LQwVfQUBrWuTX19hzSJwC
"12153521253",38,"4Gt2kh3QbAGU6yquOWn4aW",Medium,Fake,Lauv; Conan Gray,Fake,https://i.scdn.co/image/ab67616d0000b2737eff443a62c51d7f9d39dc20,"2020-10-13",https://open.spotify.com/track/4Gt2kh3QbAGU6yquOWn4aW
"12153521253",39,"09PGubKAMryhOWv1LHpCYz",Medium,"fuck, i'm lonely (with Anne-Marie)",Lauv; Anne-Marie,~how i'm feeling~,https://i.scdn.co/image/ab67616d0000b2736047672696efe2a146cf309e,"2020-03-06",https://open.spotify.com/track/09PGubKAMryhOWv1LHpCYz
"12120382831",39,"0d28khcov6AiegSCpG5TuT",Medium,Feel Good Inc.,Gorillaz,Demon Days,https://i.scdn.co/image/ab67616d0000b27319d85a472f328a6ed9b704cf,"2005-05-23",https://open.spotify.com/track/0d28khcov6AiegSCpG5TuT
"12120382831",40,"0jqK7sGTLsHPkQrrcrGuKD",Medium,Still Waiting,Sum 41,Does This Look Infected?,https://i.scdn.co/image/ab67616d0000b273d6176a711e031d6522840c52,"2002-01-01",https://open.spotify.com/track/0jqK7sGTLsHPkQrrcrGuKD
"12153521253",40,"6lERHAmBCZmgODv3OYENXi",Medium,Must Have Been The Wind,Alec Benjamin,These Two Windows,https://i.scdn.co/image/ab67616d0000b273ee0232b590932e81529781e1,"2020-05-29",https://open.spotify.com/track/6lERHAmBCZmgODv3OYENXi
"12120382831",41,"1MrNveiYvWyKNAMiqn8xS8",Medium,Thunder,Boys Like Girls,Boys Like Girls,https://i.scdn.co/image/ab67616d0000b273317ebb91078852577248ed98,"2007-08-31",https://open.spotify.com/track/1MrNveiYvWyKNAMiqn8xS8
"12153521253",41,"7cDpMO5wuWgvv3j4INRBeB",Medium,Changes,Lauv,~how i'm feeling~,https://i.scdn.co/image/ab67616d0000b2736047672696efe2a146cf309e,"2020-03-06",https://open.spotify.com/track/7cDpMO5wuWgvv3j4INRBeB
"12153521253",42,"05fmLn8tNYb3ijIH2jCLPb",Medium,Comfortable,Lauv,I met you when I was 18. (the playlist),https://i.scdn.co/image/ab67616d0000b2735355919e31efac9b14c45c49,"2018-05-31",https://open.spotify.com/track/05fmLn8tNYb3ijIH2jCLPb
"12120382831",42,"3Zwu2K0Qa5sT6teCCHPShP",Medium,Thnks fr th Mmrs,Fall Out Boy,Infinity On High,https://i.scdn.co/image/ab67616d0000b273ff59837e170f95a373afc0ec,"2007-01-01",https://open.spotify.com/track/3Zwu2K0Qa5sT6teCCHPShP
"12120382831",43,"4KJx4IOvCU2isprmXio9Xk",Medium,彩虹,Jay Chou,我很忙,https://i.scdn.co/image/ab67616d0000b2735bb3a0dcc85592b2085b5985,"2008-03-10",https://open.spotify.com/track/4KJx4IOvCU2isprmXio9Xk
"12153521253",43,"4QyZIfWEPguemQ0tHyteyn",Medium,In And Out Of Love,Oh Wonder,No One Else Can Wear Your Crown (Deluxe),https://i.scdn.co/image/ab67616d0000b27301788cb8a4a5c1512cf1634b,"2020-02-14",https://open.spotify.com/track/4QyZIfWEPguemQ0tHyteyn
"12153521253",44,"0CF1RH8dQKuK2lQPSQw2lZ",Medium,if i were u (with Lauv),blackbear; Lauv,if i were u (with Lauv),https://i.scdn.co/image/ab67616d0000b273eff14524c30eb6041349a647,"2020-08-19",https://open.spotify.com/track/0CF1RH8dQKuK2lQPSQw2lZ
"12120382831",44,"56wVfJKtnwlSZtC4NVgIrf",Medium,說好不哭,Jay Chou; 阿信,說好不哭,https://i.scdn.co/image/ab67616d0000b273d3c4115120677fb9d6fc7938,"2019-09-16",https://open.spotify.com/track/56wVfJKtnwlSZtC4NVgIrf
"12153521253",45,"1wHdWpoAQA8BfYpDSpz309",Medium,Modern Loneliness - Vaundy Remix,Lauv; Vaundy,~how i'm feeling~ (the extras),https://i.scdn.co/image/ab67616d0000b2732f9dc2df7028345b7dcf134b,"2019-12-20",https://open.spotify.com/track/1wHdWpoAQA8BfYpDSpz309
"12120382831",45,"7vgTNTaEz3CsBZ1N4YQalM",Medium,Ghost Town,Kanye West; PARTYNEXTDOOR,ye,https://i.scdn.co/image/ab67616d0000b2730cd942c1a864afa4e92d04f2,"2018-06-01",https://open.spotify.com/track/7vgTNTaEz3CsBZ1N4YQalM
"12120382831",46,"1xYPMWVdl2yqOkQpjWPVbU",Medium,退後,Jay Chou,依然范特西,https://i.scdn.co/image/ab67616d0000b2730ed5bbb886fc25371a4f0a32,"2006-09-05",https://open.spotify.com/track/1xYPMWVdl2yqOkQpjWPVbU
"12153521253",46,"7FLQuyyCaIrBRqNt5l83U4",Medium,Reforget,Lauv,I met you when I was 18. (the playlist),https://i.scdn.co/image/ab67616d0000b2735355919e31efac9b14c45c49,"2018-05-31",https://open.spotify.com/track/7FLQuyyCaIrBRqNt5l83U4
"12153521253",47,"42PHzFk7j5Jo2Rtj78JsWV",Medium,This Must Be My Dream,The 1975,"I like it when you sleep, for you are so beautiful yet so unaware of it",https://i.scdn.co/image/ab67616d0000b273206517a3f7e4c34bf0bfc531,"2016-02-26",https://open.spotify.com/track/42PHzFk7j5Jo2Rtj78JsWV
"12120382831",47,"0F02KChKwbcQ3tk4q1YxLH",Medium,晴天,Jay Chou,葉惠美,https://i.scdn.co/image/ab67616d0000b2730629b1a5bb7437d50b8a9667,"2003-07-31",https://open.spotify.com/track/0F02KChKwbcQ3tk4q1YxLH
"12120382831",48,"5V7mTIcXVU9k2JNu0mE6vy",Medium,Fall for You (Acoustic),Secondhand Serenade,A Naked Twist in My Story,https://i.scdn.co/image/ab67616d0000b273550b3c9d50f60bc56d48ca1d,"2012",https://open.spotify.com/track/5V7mTIcXVU9k2JNu0mE6vy
"12153521253",48,"1YMBg7rOjxzbya0fPOYfNX",Medium,A Different Way (with Lauv),DJ Snake; Lauv,A Different Way (with Lauv),https://i.scdn.co/image/ab67616d0000b273e20f77b7164a7f7ae5e0f8fb,"2017-09-21",https://open.spotify.com/track/1YMBg7rOjxzbya0fPOYfNX
"12120382831",49,"0MsrWnxQZxPAcov7c74sSo",Medium,Holiday / Boulevard of Broken Dreams,Green Day,American Idiot,https://i.scdn.co/image/ab67616d0000b27308a1b1e0674086d3f1995e1b,"2004-09-21",https://open.spotify.com/track/0MsrWnxQZxPAcov7c74sSo
"12153521253",49,"2wCVpdNSHjqIn2en8jAnF0",Medium,Paranoid,Lauv,I met you when I was 18. (the playlist),https://i.scdn.co/image/ab67616d0000b2735355919e31efac9b14c45c49,"2018-05-31",https://open.spotify.com/track/2wCVpdNSHjqIn2en8jAnF0
"12153521253",50,"6mDoM5FGbr1Or5nY9pTnLy",Medium,Question,Lauv; Travis Mills,I met you when I was 18. (the playlist),https://i.scdn.co/image/ab67616d0000b2735355919e31efac9b14c45c49,"2018-05-31",https://open.spotify.com/track/6mDoM5FGbr1Or5nY9pTnLy
"12120382831",50,"2JUaGpCrD8tywgj9MeLFbb",Medium,Someone Else,LANY,I Loved You.,https://i.scdn.co/image/ab67616d0000b273462d11666b00b321f909e97d,"2015-06-09",https://open.spotify.com/track/2JUaGpCrD8tywgj9MeLFbb
"12153521253",1,"0WTN7om3lHG3yYMigwzBxl",Short,There's No Way (feat. Julia Michaels),Lauv; Julia Michaels,There's No Way,https://i.scdn.co/image/ab67616d0000b2730a8faf02e33a80f13070b58a,"2018-09-27",https://open.spotify.com/track/0WTN7om3lHG3yYMigwzBxl
"12120382831",1,"73jVPicY2G9YHmzgjk69ae",Short,Robbers,The 1975,The 1975,https://i.scdn.co/image/ab67616d0000b27304f21e12e67ba0dfd5db4fbf,"2013-01-01",https://open.spotify.com/track/73jVPicY2G9YHmzgjk69ae
"12153521253",2,"4a00SVbdG6saNqRJlC4XKQ",Short,Don't Matter - Recorded at Spotify Studios NYC,Lauv,Spotify Singles,https://i.scdn.co/image/ab67616d0000b27367d85e3eeac43ca5fed441a4,"2017-07-19",https://open.spotify.com/track/4a00SVbdG6saNqRJlC4XKQ
"12120382831",2,"6m9qPYXmhge2QhBLfFKnVF",Short,Same Drugs,Chance the Rapper,Coloring Book,https://i.scdn.co/image/ab67616d0000b273e71dd15fc5bdefd5bff70452,"2016-05-27",https://open.spotify.com/track/6m9qPYXmhge2QhBLfFKnVF
"12153521253",3,"4nxMHRNNfrOZWg8NAKXnV8",Short,Adrenaline,Lauv,I met you when I was 18. (the playlist),https://i.scdn.co/image/ab67616d0000b2735355919e31efac9b14c45c49,"2018-05-31",https://open.spotify.com/track/4nxMHRNNfrOZWg8NAKXnV8
"12120382831",3,"2rtGaCAeYtmcIvuZsvgTf6",Short,How to Disappear Completely,Radiohead,Kid A,https://i.scdn.co/image/ab67616d0000b273674c2b8b77e1e9259a2fcb87,"2000-10-02",https://open.spotify.com/track/2rtGaCAeYtmcIvuZsvgTf6
"12153521253",4,"4sRryr1aCDIbVdj2LnBwsR",Short,Sweatpants,Lauv,~how i'm feeling~,https://i.scdn.co/image/ab67616d0000b2736047672696efe2a146cf309e,"2020-03-06",https://open.spotify.com/track/4sRryr1aCDIbVdj2LnBwsR
"12120382831",4,"4C9rhLT37Gv6VMVtFCb7O1",Short,Harvest Moon,Handsome Ghost,Harvest Moon,https://i.scdn.co/image/ab67616d0000b27300626ca107cd0adcf15836f8,"2018-01-05",https://open.spotify.com/track/4C9rhLT37Gv6VMVtFCb7O1
"12120382831",5,"6ilc4vQcwMPlvAHFfsTGng",Short,Sweet,Cigarettes After Sex,Cigarettes After Sex,https://i.scdn.co/image/ab67616d0000b27394d280f0006107be47bb4fe7,"2017-06-09",https://open.spotify.com/track/6ilc4vQcwMPlvAHFfsTGng
"12153521253",5,"2uQNcZYa0SEbfW4cj0d9OS",Short,I Like Me Better - Recorded at Spotify Studios NYC,Lauv,Spotify Singles,https://i.scdn.co/image/ab67616d0000b27367d85e3eeac43ca5fed441a4,"2017-07-19",https://open.spotify.com/track/2uQNcZYa0SEbfW4cj0d9OS
"12153521253",6,"732Sqj2piYPhdMPENP4axz",Short,Easy Love,Lauv,I met you when I was 18. (the playlist),https://i.scdn.co/image/ab67616d0000b2735355919e31efac9b14c45c49,"2018-05-31",https://open.spotify.com/track/732Sqj2piYPhdMPENP4axz
"12120382831",6,"5fVZC9GiM4e8vu99W0Xf6J",Short,How to Save a Life,The Fray,How To Save A Life,https://i.scdn.co/image/ab67616d0000b27359b8b957f164ce660919f1f4,"2005-09-13",https://open.spotify.com/track/5fVZC9GiM4e8vu99W0Xf6J
"12120382831",7,"0poxIvI8mH3TZcGp4T7BWs",Short,Let Your Heart Hold Fast,Fort Atlantic,Fort Atlantic,https://i.scdn.co/image/ab67616d0000b27368edcfaef460d3ef0641d7e5,"2012-05-29",https://open.spotify.com/track/0poxIvI8mH3TZcGp4T7BWs
"12153521253",7,"0PxJmAlyKcRdd1r9FvDbTn",Short,For Now,Lauv,~how i'm feeling~,https://i.scdn.co/image/ab67616d0000b2736047672696efe2a146cf309e,"2020-03-06",https://open.spotify.com/track/0PxJmAlyKcRdd1r9FvDbTn
"12153521253",8,"0s26En1JoJhVj32vizElpA",Short,Feelings,Lauv,~how i'm feeling~,https://i.scdn.co/image/ab67616d0000b2736047672696efe2a146cf309e,"2020-03-06",https://open.spotify.com/track/0s26En1JoJhVj32vizElpA
"12120382831",8,"2JUaGpCrD8tywgj9MeLFbb",Short,Someone Else,LANY,I Loved You.,https://i.scdn.co/image/ab67616d0000b273462d11666b00b321f909e97d,"2015-06-09",https://open.spotify.com/track/2JUaGpCrD8tywgj9MeLFbb
"12153521253",9,"4fFfyouye6vrX9o9z4PVMu",Short,Never Not,Lauv,I met you when I was 18. (the playlist),https://i.scdn.co/image/ab67616d0000b2735355919e31efac9b14c45c49,"2018-05-31",https://open.spotify.com/track/4fFfyouye6vrX9o9z4PVMu
"12120382831",9,"3JOVTQ5h8HGFnDdp4VT3MP",Short,Mad World (Feat. Michael Andrews),Gary Jules; Michael Andrews,Trading Snakeoil for Wolftickets,https://i.scdn.co/image/ab67616d0000b273621489fd90d50158b3714cb0,"2001-01-01",https://open.spotify.com/track/3JOVTQ5h8HGFnDdp4VT3MP
"12153521253",10,"2zXRAZvUb2B5PzJGwCtFe0",Short,Chasing Fire,Lauv,I met you when I was 18. (the playlist),https://i.scdn.co/image/ab67616d0000b2735355919e31efac9b14c45c49,"2018-05-31",https://open.spotify.com/track/2zXRAZvUb2B5PzJGwCtFe0
"12120382831",10,"4FOydQ5IdqmdeBgG9vFbPg",Short,安靜,Jay Chou,范特西,https://i.scdn.co/image/ab67616d0000b2736cab39b08da7c20656127154,"2001-09-14",https://open.spotify.com/track/4FOydQ5IdqmdeBgG9vFbPg
"12120382831",11,"5V7mTIcXVU9k2JNu0mE6vy",Short,Fall for You (Acoustic),Secondhand Serenade,A Naked Twist in My Story,https://i.scdn.co/image/ab67616d0000b273550b3c9d50f60bc56d48ca1d,"2012",https://open.spotify.com/track/5V7mTIcXVU9k2JNu0mE6vy
"12153521253",11,"1Fo4OvzP9PThFKMeMIAEYu",Short,Superhero,Lauv,Superhero,https://i.scdn.co/image/ab67616d0000b27334a512edc868f3b63c3e453e,"2018-08-30",https://open.spotify.com/track/1Fo4OvzP9PThFKMeMIAEYu
"12120382831",12,"612VcBshQcy4mpB2utGc3H",Short,"Tears in Heaven - Acoustic; Live at MTV Unplugged, Bray Film Studios, Windsor, England, UK, 1/16/1992; 2013 Remaster",Eric Clapton,Unplugged (Deluxe Edition),https://i.scdn.co/image/ab67616d0000b273d55ec7fcfacd95e73877b787,"1992-08-25",https://open.spotify.com/track/612VcBshQcy4mpB2utGc3H
"12153521253",12,"1ShHhJlzaLuoZbJ3aP4z0m",Short,Invisible Things,Lauv,~how i'm feeling~,https://i.scdn.co/image/ab67616d0000b2736047672696efe2a146cf309e,"2020-03-06",https://open.spotify.com/track/1ShHhJlzaLuoZbJ3aP4z0m
"12120382831",13,"6PypGyiu0Y2lCDBN1XZEnP",Short,Everybody Hurts,R.E.M.,Automatic For The People,https://i.scdn.co/image/ab67616d0000b273ace3e7aae0b7c78bbe1c4f35,"1992-10-05",https://open.spotify.com/track/6PypGyiu0Y2lCDBN1XZEnP
"12153521253",13,"3gzIK2dGSVvPBiohsTwEWZ",Short,Easy,Troye Sivan,In A Dream,https://i.scdn.co/image/ab67616d0000b2731121a528557155240feb9273,"2020-08-21",https://open.spotify.com/track/3gzIK2dGSVvPBiohsTwEWZ
"12153521253",14,"795p3jKj5stjPf8IFpZkdD",Short,ENTROPY,Daniel Caesar,CASE STUDY 01,https://i.scdn.co/image/ab67616d0000b2737607aa9ae7904e1b12907c93,"2019-06-28",https://open.spotify.com/track/795p3jKj5stjPf8IFpZkdD
"12120382831",14,"7dujOm8FJcepmVBQjqdswN",Short,Saw You in a Dream,The Japanese House,Saw You in a Dream,https://i.scdn.co/image/ab67616d0000b273641c76b29698131584d68ba5,"2017-06-30",https://open.spotify.com/track/7dujOm8FJcepmVBQjqdswN
"12120382831",15,"086myS9r57YsLbJpU0TgK9",Short,Why'd You Only Call Me When You're High?,Arctic Monkeys,AM,https://i.scdn.co/image/ab67616d0000b2734ae1c4c5c45aabe565499163,"2013-09-09",https://open.spotify.com/track/086myS9r57YsLbJpU0TgK9
"12153521253",15,"45PxuJqJBnPXZKLxoo9Apj",Short,SUPERPOSITION,Daniel Caesar; John Mayer,CASE STUDY 01,https://i.scdn.co/image/ab67616d0000b2737607aa9ae7904e1b12907c93,"2019-06-28",https://open.spotify.com/track/45PxuJqJBnPXZKLxoo9Apj
"12153521253",16,"05fmLn8tNYb3ijIH2jCLPb",Short,Comfortable,Lauv,I met you when I was 18. (the playlist),https://i.scdn.co/image/ab67616d0000b2735355919e31efac9b14c45c49,"2018-05-31",https://open.spotify.com/track/05fmLn8tNYb3ijIH2jCLPb
"12120382831",16,"0GgN4MhR5GKn5IcKN0e0rG",Short,Cancer,My Chemical Romance,The Black Parade,https://i.scdn.co/image/ab67616d0000b27317f77fab7e8f18d5f9fee4a1,"2006-10-23",https://open.spotify.com/track/0GgN4MhR5GKn5IcKN0e0rG
"12120382831",17,"0w2kfnU1PFKxjmZFQ1J1X8",Short,Overthinking,Acid Ghost,I Want to Hide My Face & Die,https://i.scdn.co/image/ab67616d0000b273f09e363762af3a7c546624a1,"2015-11-26",https://open.spotify.com/track/0w2kfnU1PFKxjmZFQ1J1X8
"12153521253",17,"3ZWhRS2EJVL5B0IEzkcvZa",Short,Sweet & Sour (feat. Lauv & Tyga),Jawsh 685; Lauv; Tyga,Sweet & Sour (feat. Lauv & Tyga),https://i.scdn.co/image/ab67616d0000b273b843a22f04f1914db750814f,"2020-09-04",https://open.spotify.com/track/3ZWhRS2EJVL5B0IEzkcvZa
"12153521253",18,"4G4gtvlaFaI6v6wWD8UvqL",Short,Getting Over You,Lauv,I met you when I was 18. (the playlist),https://i.scdn.co/image/ab67616d0000b2735355919e31efac9b14c45c49,"2018-05-31",https://open.spotify.com/track/4G4gtvlaFaI6v6wWD8UvqL
"12120382831",18,"1AdYZ6X00nXmO613Y7GJOl",Short,I Miss You,blink-182,blink-182,https://i.scdn.co/image/ab67616d0000b2730538b48c180256e0bdd8363f,"2003-11-01",https://open.spotify.com/track/1AdYZ6X00nXmO613Y7GJOl
"12153521253",19,"4QyZIfWEPguemQ0tHyteyn",Short,In And Out Of Love,Oh Wonder,No One Else Can Wear Your Crown (Deluxe),https://i.scdn.co/image/ab67616d0000b27301788cb8a4a5c1512cf1634b,"2020-02-14",https://open.spotify.com/track/4QyZIfWEPguemQ0tHyteyn
"12120382831",19,"2EH1ZVZx2wPGtQb5V2hNih",Short,Good To Sea,Pinback,Autumn of the Seraphs,https://i.scdn.co/image/ab67616d0000b273a3708b5baa5ec5f353324f81,"2007-09-11",https://open.spotify.com/track/2EH1ZVZx2wPGtQb5V2hNih
"12120382831",20,"3xQjivjUZ4KnUslduTEYKC",Short,Disarm You (feat. Ilsey),Kaskade; Ilsey,Automatic,https://i.scdn.co/image/ab67616d0000b2731f92901c4fa1a9c9e431dd61,"2015-09-25",https://open.spotify.com/track/3xQjivjUZ4KnUslduTEYKC
"12153521253",20,"6Dno7FrbG6vnTm9KfjFwf6",Short,Come Back Home,Lauv,I met you when I was 18. (the playlist),https://i.scdn.co/image/ab67616d0000b2735355919e31efac9b14c45c49,"2018-05-31",https://open.spotify.com/track/6Dno7FrbG6vnTm9KfjFwf6
"12153521253",21,"7fOwfp4u4UD9REy0SOXIGO",Short,Little Rowboat,Daniel Caesar,Pilgrim's Paradise,https://i.scdn.co/image/ab67616d0000b273a117ac19ee51aebdf05fe88c,"2015-11-12",https://open.spotify.com/track/7fOwfp4u4UD9REy0SOXIGO
"12120382831",21,"5H2cgEPEJxA72Bqb4cLvrj",Short,With You (Jai Wolf Remix),Dirty South; FMLYBND,With You (The Remixes),https://i.scdn.co/image/ab67616d0000b273174407f34c32aeb1e6b77eae,"2015-04-28",https://open.spotify.com/track/5H2cgEPEJxA72Bqb4cLvrj
"12153521253",22,"5qhHm4dN4L2dhRb2TfzGPw",Short,Lonely Eyes,Lauv,~how i'm feeling~,https://i.scdn.co/image/ab67616d0000b2736047672696efe2a146cf309e,"2020-03-06",https://open.spotify.com/track/5qhHm4dN4L2dhRb2TfzGPw
"12120382831",22,"5XSU59wtE5CRCAEyHmmGy4",Short,Stand By Me,Florence + The Machine,Songs From Final Fantasy XV,https://i.scdn.co/image/ab67616d0000b2734475765f52e5d459b0789155,"2016-08-12",https://open.spotify.com/track/5XSU59wtE5CRCAEyHmmGy4
"12153521253",23,"31bmr5SE0qrrIPhjGbnwKP",Short,After Hours,The Weeknd,After Hours (Deluxe),https://i.scdn.co/image/ab67616d0000b27380880b62143e819e901d8465,"2020-04-03",https://open.spotify.com/track/31bmr5SE0qrrIPhjGbnwKP
"12120382831",23,"5Xak5fmy089t0FYmh3VJiY",Short,Black,Pearl Jam,Ten,https://i.scdn.co/image/ab67616d0000b273d400d27cba05bb0545533864,"1991-08-27",https://open.spotify.com/track/5Xak5fmy089t0FYmh3VJiY
"12153521253",24,"7gGBgh0bVxHPgZjA505bo9",Short,Break My Heart Again,FINNEAS,Blood Harmony (Deluxe),https://i.scdn.co/image/ab67616d0000b273593e693d168c94f916a079b5,"2020-08-07",https://open.spotify.com/track/7gGBgh0bVxHPgZjA505bo9
"12120382831",24,"5y788ya4NvwhBznoDIcXwK",Short,The Sound of Silence - Acoustic Version,Simon & Garfunkel,"Wednesday Morning, 3 A.M.",https://i.scdn.co/image/ab67616d0000b2733b50c381e5f477c3cd066286,"1964-10-19",https://open.spotify.com/track/5y788ya4NvwhBznoDIcXwK
"12120382831",25,"6Vigp41BietH0WoFZ52JI5",Short,All We Do,Oh Wonder,Oh Wonder,https://i.scdn.co/image/ab67616d0000b2737cc94e776ebb63dd08c8422c,"2015-09-04",https://open.spotify.com/track/6Vigp41BietH0WoFZ52JI5
"12153521253",25,"1CJvFjaXKz2yuQWzICeIRo",Short,Tell My Mama,Lauv,~how i'm feeling~,https://i.scdn.co/image/ab67616d0000b2736047672696efe2a146cf309e,"2020-03-06",https://open.spotify.com/track/1CJvFjaXKz2yuQWzICeIRo
"12120382831",26,"6mFkJmJqdDVQ1REhVfGgd1",Short,Wish You Were Here,Pink Floyd,Wish You Were Here,https://i.scdn.co/image/ab67616d0000b273d8fa5ac6259dba33127b398a,"1975-09-12",https://open.spotify.com/track/6mFkJmJqdDVQ1REhVfGgd1
"12153521253",26,"2fhePAlCSsJplwkjqMYpVm",Short,LOVE AGAIN,Daniel Caesar; Brandy,CASE STUDY 01,https://i.scdn.co/image/ab67616d0000b2737607aa9ae7904e1b12907c93,"2019-06-28",https://open.spotify.com/track/2fhePAlCSsJplwkjqMYpVm
"12120382831",27,"7brQHA2CgQpcMBiOlfiXYb",Short,Afraid,The Neighbourhood,I Love You.,https://i.scdn.co/image/ab67616d0000b27378f71c0d2fe34592a3c18f80,"2013-04-19",https://open.spotify.com/track/7brQHA2CgQpcMBiOlfiXYb
"12153521253",27,"5N6lOKp69X4aa61FGvoBTU",Short,Billy,Lauv,~how i'm feeling~,https://i.scdn.co/image/ab67616d0000b2736047672696efe2a146cf309e,"2020-03-06",https://open.spotify.com/track/5N6lOKp69X4aa61FGvoBTU
"12153521253",28,"1uxP6Vw86pAvlnuLUSWLll",Short,Sims - Miquela Remix,Lauv; Miquela,~how i'm feeling~ (the extras),https://i.scdn.co/image/ab67616d0000b2732f9dc2df7028345b7dcf134b,"2019-12-20",https://open.spotify.com/track/1uxP6Vw86pAvlnuLUSWLll
"12120382831",28,"28cnXtME493VX9NOw9cIUh",Short,Hurt,Johnny Cash,American IV: The Man Comes Around,https://i.scdn.co/image/ab67616d0000b2736f4f62da3d811b6501a69ffa,"2002-01-01",https://open.spotify.com/track/28cnXtME493VX9NOw9cIUh
"12120382831",29,"0NlGoUyOJSuSHmngoibVAs",Short,All I Want,Kodaline,In A Perfect World (Expanded Edition),https://i.scdn.co/image/ab67616d0000b2733e42854096da9a3b1ca901c9,"2013-06-17",https://open.spotify.com/track/0NlGoUyOJSuSHmngoibVAs
"12153521253",29,"1Srt81FTalOhRw7t7l8Yh8",Short,Tattoos Together,Lauv,~how i'm feeling~,https://i.scdn.co/image/ab67616d0000b2736047672696efe2a146cf309e,"2020-03-06",https://open.spotify.com/track/1Srt81FTalOhRw7t7l8Yh8
"12153521253",30,"4VM8y5Tx6UBxzfuLvYrhFf",Short,Drugs & The Internet,Lauv,~how i'm feeling~,https://i.scdn.co/image/ab67616d0000b2736047672696efe2a146cf309e,"2020-03-06",https://open.spotify.com/track/4VM8y5Tx6UBxzfuLvYrhFf
"12120382831",30,"0g5EKLgdKvNlln7TNqBByK",Short,Middle,DJ Snake; Bipolar Sunshine,Encore,https://i.scdn.co/image/ab67616d0000b273212d776c31027c511f0ee3bc,"2016-08-05",https://open.spotify.com/track/0g5EKLgdKvNlln7TNqBByK
"12153521253",31,"6HguG9HRb1Ke1bhihfE4m8",Short,Sincerity Is Scary,The 1975,A Brief Inquiry Into Online Relationships,https://i.scdn.co/image/ab67616d0000b2736c582022e90b11f0da287a9a,"2018-11-30",https://open.spotify.com/track/6HguG9HRb1Ke1bhihfE4m8
"12120382831",31,"3vv9phIu6Y1vX3jcqaGz5Z",Short,Roses,The Chainsmokers; ROZES,Roses,https://i.scdn.co/image/ab67616d0000b2738d2cfad007b9431f48aef135,"2015-06-16",https://open.spotify.com/track/3vv9phIu6Y1vX3jcqaGz5Z
"12153521253",32,"04jVEb76Kw5OrmGtlXlHxI",Short,Time Alone With You (feat. Daniel Caesar),Jacob Collier; Daniel Caesar,Time Alone With You (feat. Daniel Caesar),https://i.scdn.co/image/ab67616d0000b2733bc8b33b9d1f2c7a34d7ac66,"2019-11-29",https://open.spotify.com/track/04jVEb76Kw5OrmGtlXlHxI
"12120382831",32,"7LVHVU3tWfcxj5aiPFEW4Q",Short,Fix You,Coldplay,X&Y,https://i.scdn.co/image/ab67616d0000b2734e0362c225863f6ae2432651,"2005-06-07",https://open.spotify.com/track/7LVHVU3tWfcxj5aiPFEW4Q
"12120382831",33,"7vs3JM90lKhp11av83WA5j",Short,算什麼男人,Jay Chou,哎呦 不錯哦,https://i.scdn.co/image/ab67616d0000b27323345e25b1956a53d2a0bbd1,"2014-12-26",https://open.spotify.com/track/7vs3JM90lKhp11av83WA5j
"12153521253",33,"0gf2y5doKjsYaZJJZif4vz",Short,SOHO,Jaden,The Sunset Tapes: A Cool Tape Story,https://i.scdn.co/image/ab67616d0000b2736bc4b0abc90292b207799266,"2018-11-17",https://open.spotify.com/track/0gf2y5doKjsYaZJJZif4vz
"12120382831",34,"04x6DpeFQ72efXsD0DmWPQ",Short,明明就,Jay Chou,十二新作,https://i.scdn.co/image/ab67616d0000b27372d544c36a037525f17c7fb4,"2012-12-28",https://open.spotify.com/track/04x6DpeFQ72efXsD0DmWPQ
"12153521253",34,"1Y2ExJJ9Dmb9po8K0ybSj3",Short,All Caps,Madvillain; Madlib; MF DOOM,Madvillainy,https://i.scdn.co/image/ab67616d0000b27302abe1eaf9da931f42629b4a,"2004-03-24",https://open.spotify.com/track/1Y2ExJJ9Dmb9po8K0ybSj3
"12120382831",35,"0DRvClQbN9znQ295sx76VC",Short,Dreams Tonite,Alvvays,Antisocialites,https://i.scdn.co/image/ab67616d0000b273ad8f67f5f03d44e215deea50,"2017-09-08",https://open.spotify.com/track/0DRvClQbN9znQ295sx76VC
"12153521253",35,"2P91MQbaiQOfbiz9VqhqKQ",Short,I Like Me Better,Lauv,I met you when I was 18. (the playlist),https://i.scdn.co/image/ab67616d0000b2735355919e31efac9b14c45c49,"2018-05-31",https://open.spotify.com/track/2P91MQbaiQOfbiz9VqhqKQ
"12120382831",36,"0tDC3KJPPu5eonGTtCURpq",Short,Headlights (feat. Ilsey),Robin Schulz; Ilsey,Sugar,https://i.scdn.co/image/ab67616d0000b2733c9047f9aa5d0d1e03827039,"2015-09-25",https://open.spotify.com/track/0tDC3KJPPu5eonGTtCURpq
"12153521253",36,"2qG81jL9UIP54uS8gYyP4k",Short,Who (feat. BTS),Lauv; BTS,~how i'm feeling~,https://i.scdn.co/image/ab67616d0000b2736047672696efe2a146cf309e,"2020-03-06",https://open.spotify.com/track/2qG81jL9UIP54uS8gYyP4k
"12120382831",37,"12MqM3S0fTvR6X4Jt1Xvn6",Short,Until You Were Gone,The Chainsmokers; Tritonal; Emily Warren,Until You Were Gone,https://i.scdn.co/image/ab67616d0000b273fba0fe9bc25cea7b524d778a,"2015-09-18",https://open.spotify.com/track/12MqM3S0fTvR6X4Jt1Xvn6
"12153521253",37,"2wCVpdNSHjqIn2en8jAnF0",Short,Paranoid,Lauv,I met you when I was 18. (the playlist),https://i.scdn.co/image/ab67616d0000b2735355919e31efac9b14c45c49,"2018-05-31",https://open.spotify.com/track/2wCVpdNSHjqIn2en8jAnF0
"12120382831",38,"18AJRdgUoO9EYn11N7xzaT",Short,Habits (Stay High),Tove Lo,Queen Of The Clouds,https://i.scdn.co/image/ab67616d0000b27370cd79659edf4d5fec0840b8,"2014-09-24",https://open.spotify.com/track/18AJRdgUoO9EYn11N7xzaT
"12153521253",38,"314ZkcV7oLWG8yWE7LABvH",Short,Make It Right (feat. Lauv),BTS; Lauv,Make It Right (feat. Lauv),https://i.scdn.co/image/ab67616d0000b273d3a69900f8e3a32bb0cc5b07,"2019-10-18",https://open.spotify.com/track/314ZkcV7oLWG8yWE7LABvH
"12120382831",39,"1dFkD1JfRMzwO6hwUsE8aS",Short,Spectrum,Zedd; Matthew Koma,Clarity,https://i.scdn.co/image/ab67616d0000b273941dd3b3343d9cb9329d37bf,"2012-01-01",https://open.spotify.com/track/1dFkD1JfRMzwO6hwUsE8aS
"12153521253",39,"373q2bp4ZvyJ9kFZcpJSMs",Short,Breathe,Lauv,I met you when I was 18. (the playlist),https://i.scdn.co/image/ab67616d0000b2735355919e31efac9b14c45c49,"2018-05-31",https://open.spotify.com/track/373q2bp4ZvyJ9kFZcpJSMs
"12153521253",40,"3u5bTqHMM1P34ZkbwzdckV",Short,The Story Never Ends,Lauv,I met you when I was 18. (the playlist),https://i.scdn.co/image/ab67616d0000b2735355919e31efac9b14c45c49,"2018-05-31",https://open.spotify.com/track/3u5bTqHMM1P34ZkbwzdckV
"12120382831",40,"1u1YU1LE0FWHFOHpR2iXua",Short,Casimir Pulaski Day,Sufjan Stevens,Illinois,https://i.scdn.co/image/ab67616d0000b273a7054529bcdd1ea5dcb852bc,"2005-07-05",https://open.spotify.com/track/1u1YU1LE0FWHFOHpR2iXua
"12153521253",41,"3uc8AGNL0KbvISIrjnfRvN",Short,Mean It,Lauv; LANY,~how i'm feeling~,https://i.scdn.co/image/ab67616d0000b2736047672696efe2a146cf309e,"2020-03-06",https://open.spotify.com/track/3uc8AGNL0KbvISIrjnfRvN
"12120382831",41,"2MLHyLy5z5l5YRp7momlgw",Short,Island In The Sun,Weezer,Weezer (Green Album),https://i.scdn.co/image/ab67616d0000b2731e0dc5baaabda304b0ad1815,"2001-05-15",https://open.spotify.com/track/2MLHyLy5z5l5YRp7momlgw
"12120382831",42,"2ndWbjiiNBEOrlfToKlABE",Short,I Will Follow You into the Dark,Death Cab for Cutie,Plans,https://i.scdn.co/image/ab67616d0000b273977f49e4a7170bdd03fb429b,"2005-08-29",https://open.spotify.com/track/2ndWbjiiNBEOrlfToKlABE
"12153521253",42,"44MHQm2WIvsAXg14WKpCQp",Short,Made to Fall in Love,Daniel Caesar,Spotify Singles,https://i.scdn.co/image/ab67616d0000b27339259341ecf98eff0f01e0c7,"2020-05-13",https://open.spotify.com/track/44MHQm2WIvsAXg14WKpCQp
"12120382831",43,"2rFeqhPjeIcwR7S8zKRkjL",Short,Stones,Barbarossa,Sea of Blood,https://i.scdn.co/image/ab67616d0000b273ee97d26364339cd1bb91f872,"2006",https://open.spotify.com/track/2rFeqhPjeIcwR7S8zKRkjL
"12153521253",43,"4Gt2kh3QbAGU6yquOWn4aW",Short,Fake,Lauv; Conan Gray,Fake,https://i.scdn.co/image/ab67616d0000b2737eff443a62c51d7f9d39dc20,"2020-10-13",https://open.spotify.com/track/4Gt2kh3QbAGU6yquOWn4aW
"12153521253",44,"4Gyo5XZzmZawnpqaRRedKu",Short,Julia,Lauv,~how i'm feeling~,https://i.scdn.co/image/ab67616d0000b2736047672696efe2a146cf309e,"2020-03-06",https://open.spotify.com/track/4Gyo5XZzmZawnpqaRRedKu
"12120382831",44,"38jy6kRlPt8z1GUS9WXeNh",Short,"93 Million Miles",Jason Mraz,Love Is a Four Letter Word,https://i.scdn.co/image/ab67616d0000b2734ea5a0e8ea129cd71a7d9d9e,"2012-04-13",https://open.spotify.com/track/38jy6kRlPt8z1GUS9WXeNh
"12120382831",45,"3JvKfv6T31zO0ini8iNItO",Short,Another Love,Tom Odell,Long Way Down (Deluxe),https://i.scdn.co/image/ab67616d0000b2731917a0f3f4152622a040913f,"2013-06-24",https://open.spotify.com/track/3JvKfv6T31zO0ini8iNItO
"12153521253",45,"5DlXq40tjFwd3SFp55AfKp",Short,"2021",Lauv,"2021",https://i.scdn.co/image/ab67616d0000b273f6e8f319a6ff96ae55acad44,"2020-12-31",https://open.spotify.com/track/5DlXq40tjFwd3SFp55AfKp
"12153521253",46,"5z8uLrYMcUVvzTV28twt44",Short,Slow Grenade,Ellie Goulding; Lauv,Slow Grenade,https://i.scdn.co/image/ab67616d0000b2734fb1446223808a37ba8914b5,"2020-06-30",https://open.spotify.com/track/5z8uLrYMcUVvzTV28twt44
"12120382831",46,"3U4isOIWM3VvDubwSI3y7a",Short,All of Me,John Legend,Love In The Future (Expanded Edition),https://i.scdn.co/image/ab67616d0000b27394c9217a398f5174757c0c78,"2013-08-30",https://open.spotify.com/track/3U4isOIWM3VvDubwSI3y7a
"12153521253",47,"7cDpMO5wuWgvv3j4INRBeB",Short,Changes,Lauv,~how i'm feeling~,https://i.scdn.co/image/ab67616d0000b2736047672696efe2a146cf309e,"2020-03-06",https://open.spotify.com/track/7cDpMO5wuWgvv3j4INRBeB
"12120382831",47,"3yS1MQc9acR6ru2h7KWGoB",Short,You Could Be Happy,Snow Patrol,Eyes Open,https://i.scdn.co/image/ab67616d0000b2735da2756220da9b6f17924f8f,"2006-01-01",https://open.spotify.com/track/3yS1MQc9acR6ru2h7KWGoB
"12153521253",48,"0EAzlhtMYxRb6wbi6KnPjC",Short,The Other,Lauv,I met you when I was 18. (the playlist),https://i.scdn.co/image/ab67616d0000b2735355919e31efac9b14c45c49,"2018-05-31",https://open.spotify.com/track/0EAzlhtMYxRb6wbi6KnPjC
"12120382831",48,"453spNn4mGdYErYt3rGhSX",Short,Kettering,The Antlers,Hospice,https://i.scdn.co/image/ab67616d0000b273431ae6d4dfd49d1f5687bc48,"2009-06-23",https://open.spotify.com/track/453spNn4mGdYErYt3rGhSX
"12120382831",49,"4m0q0xQ2BNl9SCAGKyfiGZ",Short,Somebody Else,The 1975,"I like it when you sleep, for you are so beautiful yet so unaware of it",https://i.scdn.co/image/ab67616d0000b273206517a3f7e4c34bf0bfc531,"2016-02-26",https://open.spotify.com/track/4m0q0xQ2BNl9SCAGKyfiGZ
"12153521253",49,"0TGU6ELkO9MRv7aHL3QVrl",Short,Lasting Lover - Acoustic,Sigala; James Arthur,Lasting Lover (Acoustic),https://i.scdn.co/image/ab67616d0000b273eda2895b82121c7a56362291,"2020-10-09",https://open.spotify.com/track/0TGU6ELkO9MRv7aHL3QVrl
"12120382831",50,"5W8DSMQe7cbTtKTHY0yEnP",Short,In Flames,Dabin; Lexi Norton,Pyres,https://i.scdn.co/image/ab67616d0000b273d5fe3d16ae8d84b67d4b3e09,"2018-03-30",https://open.spotify.com/track/5W8DSMQe7cbTtKTHY0yEnP
"12153521253",50,"0jllH0usRFD4LJkJnGK9Lf",Short,Complicated,Olivia O'Brien,Complicated,https://i.scdn.co/image/ab67616d0000b273041398c37513dc22753ac3dc,"2015-08-09",https://open.spotify.com/track/0jllH0usRFD4LJkJnGK9Lf
